index,question,answer,explanation,reference
1,「環境的危険」とは､被保険者の生活環境全般に関する危険であるが、主に被保険者の職業・仕事の内容による危険を指す。,1,「環境的危険」とは､被保険者の生活環境全般に関する危険であるが、主に被保険者の職業・仕事の内容による危険を指す。,第1章 1 (1)
2,「道徳的危険(モラルリスク)」とは、被保険者集団の死亡率に影響すると考えられる精神的もしくは心理的状態をいう。あるいは、保険を利用して、不当な利益を得ようとする心理状態といえる。,1,「道徳的危険(モラルリスク)」とは、被保険者集団の死亡率に影響すると考えられる精神的もしくは心理的状態をいう。あるいは、保険を利用して、不当な利益を得ようとする心理状態といえる。,第1章 1 (1)
3,"被保険者の危険は、<p class=""ans"">いろいろな状況によって影響を受ける。これを一般的に「経済的危険」および「道徳的危険」と大きく2つに分けることができる。さらに「経済的危険」は</p>、「身体的危険」と「環境的危険」の2つに分類することができる。",0,"被保険者の危険は、<p class=""ans"">いろいろな状況によって影響を受ける。これを一般的に「実体的危険」および「道徳的危険」と大きく2つに分けることができる。さらに「実体的危険」は</p>、「身体的危険」と「環境的危険」の2つに分類することができる。",第1章 1 (1)
4,"<p class=""ans"">生命表には国民全体を対象とした経験生命表と</p>、<p class=""ans"">それよりは小さな特定集団(たとえば生命保険の被保険者集団)を対象とする簡易生命表とがある。</p>",0,"<p class=""ans"">生命表には国民全体を対象とした国民生命表と</p>、<p class=""ans"">それよりは小さな特定集団(たとえば生命保険の被保険者集団)を対象とする経験生命表とがある。</p>",第1章 2 (1)
5,"選択効果は、契約当初に大きく、契約後の経過に従い次第に小さくなっていくと考えられる。そこで、<p class=""ans"">年齢別・経過年数別に生命表の項目を求めたものを完全生命表という。それに対し</p>、経過年数を考慮せずに作成したものを総合表という。",0,"選択効果は、契約当初に大きく、契約後の経過に従い次第に小さくなっていくと考えられる。そこで、<p class=""ans"">年齢別・経過年数別に生命表の項目を求めたものを選択表という。それに対し</p>、経過年数を考慮せずに作成したものを総合表という。",第1章 2 (1)
6,"30歳男性の集団10万人(年央人口)を観察したところ、1年間の死亡者数は64人であった。この場合の死亡率は0.64‰(64÷100,000×1,000)である。※‰(パーミル)…1000分の1を1とする単位、千分率。1‰＝0.1%",1,"30歳男性の集団10万人(年央人口)を観察したところ、1年間の死亡者数は64人であった。この場合の死亡率は0.64‰(64÷100,000×1,000)である。※‰(パーミル)…1000分の1を1とする単位、千分率。1‰＝0.1%",第1章 2 (2)
7,"死亡率は、死亡の状況を示す指標としてよく用いられる。死亡の状況は年齢によって大きく異なるが、母集団の年齢構成が異なる場合は、<p class=""ans"">死亡率だけで死亡の状況を比較することができる。</p>",0,"死亡率は、死亡の状況を示す指標としてよく用いられる。死亡の状況は年齢によって大きく異なるが、母集団の年齢構成が異なる場合は、<p class=""ans"">死亡率だけで死亡の状況を比較することはできない。</p>",第1章 2 (2)
8,生命保険会社の保有契約は、新契約によって増加する一方、失効・解約・死亡・満期などのために減少する。ある1年間の死亡率を計算する際は、次の式によって年間中央の有効契約を概算しても実務上は十分である。・経過契約件数＝(年始保有契約+年末保有契約+死亡契約)/2,1,生命保険会社の保有契約は、新契約によって増加する一方、失効・解約・死亡・満期などのために減少する。ある1年間の死亡率を計算する際は、次の式によって年間中央の有効契約を概算しても実務上は十分である。・経過契約件数＝(年始保有契約+年末保有契約+死亡契約)/2,第1章 2 (3)
9,"死亡率の計算にあたっては、事業経営上に与える影響を反映しやすいことから、生命保険経営上は、通常件数死亡率よりも、<p class=""ans"">保険種類別死亡率が多く用いられる。</p>",0,"死亡率の計算にあたっては、事業経営上に与える影響を反映しやすいことから、生命保険経営上は、通常件数死亡率よりも、<p class=""ans"">金額死亡率が多く用いられる。</p>",第1章 2 (3)
10,"死亡指数は予定死亡率のとり方によって、目的に応じた観点から死亡状況を判断する指標となる。たとえば、<p class=""ans"">予定死亡率として簡易生命表を用いれば</p>、死亡指数は死差益の目安となる。",0,"死亡指数は予定死亡率のとり方によって、目的に応じた観点から死亡状況を判断する指標となる。たとえば、<p class=""ans"">予定死亡率として保険料計算に使用する予定の死亡率を用いれば</p>、死亡指数は死差益の目安となる。",第1章 2 (4)
11,"死亡指数は次の式で表され、年齢・性別による格差を織り込んだものとなっているため、<p class=""ans"">選択効果の測定に広く利用されている。・死亡指数＝予定死亡率/実際死亡率＝予定死亡数(金額)/実際死亡数(金額)×100(%)</p>",0,"死亡指数は次の式で表され、年齢・性別による格差を織り込んだものとなっているため、<p class=""ans"">選択効果の測定に広く利用されている。・死亡指数=実際死亡率/予定死亡率=実際死亡数(金額)/予定死亡数(金額)×100(%)</p>",第1章 2 (4)
12,"<p class=""ans"">死亡指数が同じなら</p>、若年層と高齢層、<p class=""ans"">男性と女性等死亡率の異なる群団でも死差益に対する貢献度は同じである。</p>",0,"<p class=""ans"">死亡指数が同じでも</p>、若年層と高齢層、<p class=""ans"">男性と女性等死亡率の異なる群団では死差益に対する貢献度が異なる。</p>",第1章 2 (4)
13,"<p class=""ans"">高齢層の死亡指数を引き下げることは</p>、<p class=""ans"">若年層の死亡指数を引き下げるより困難である。</p>",0,"<p class=""ans"">若年層の死亡指数を引き下げることは</p>、<p class=""ans"">高齢層の死亡指数を引き下げるより困難である。</p>",第1章 2 (4)
14,商法では、客観的に重要な事実であれば、保険者となる者から求められていなくても､告知義務者が自発的に申告しなければならない「自発的申告義務」とされていたが、保険法では、保険者が求めた質問に回答(告知)すれば足りるとする義務(質問応答義務)に改正された。,1,商法では、客観的に重要な事実であれば、保険者となる者から求められていなくても､告知義務者が自発的に申告しなければならない「自発的申告義務」とされていたが、保険法では、保険者が求めた質問に回答(告知)すれば足りるとする義務(質問応答義務)に改正された。,第1章 3 (1)
15,"告知義務を課せられるのは、契約者又は被保険者である。契約者が複数いる場合には全員に告知義務があるが、<p class=""ans"">そのうちの1人に告知義務違反の事実があればその責任はその1人が負うこととなる。</p>",0,"告知義務を課せられるのは、契約者又は被保険者である。契約者が複数いる場合には全員に告知義務があるが、<p class=""ans"">そのうちの１人に告知義務違反の事実があればその責任は全員で負うこととなる。</p>",第1章 3 (2)
16,保険契約の締結においては、募集担当者は生命保険会社を代理して締結する場合と、単に締結の媒介をする場合がある。告知受領権について後々のトラブルを防ぐために、契約の締結を媒介する募集担当者は、契約締結に関し告知受領権を含めて代理権がないことを募集に際し十分説明することが必要である。,1,保険契約の締結においては、募集担当者は生命保険会社を代理して締結する場合と、単に締結の媒介をする場合がある。告知受領権について後々のトラブルを防ぐために、契約の締結を媒介する募集担当者は、契約締結に関し告知受領権を含めて代理権がないことを募集に際し十分説明することが必要である。,第1章 3 (2)
17,診査医が重要な事実についての告知を受けていた場合はもちろん、過失によって重大な事実を知ることができなかったときは、告知義務違反があっても保険会社は契約を解除できない。,1,診査医が重要な事実についての告知を受けていた場合はもちろん、過失によって重大な事実を知ることができなかったときは、告知義務違反があっても保険会社は契約を解除できない。,第1章 3 (2)
18,"告知の時期について、約款には「保険契約締結の際、書面で告知を求めた時」としているが、<p class=""ans"">書面による告知をした時以降に生じた事項についても告知義務がある旨を約款上定めている。</p>",0,"告知の時期について、約款には「保険契約締結の際、書面で告知を求めた時」としているが、<p class=""ans"">書面による告知をした時以降に生じた事項について告知義務はない旨を約款上定めている。</p>",第1章 3 (3)
19,"告知義務違反は、保険契約者または被保険者が、告知事項について、故意または重大な過失により事実の告知をせず、<p class=""ans"">または不実の告知をしたときに成立する。告知義務者が告知事項の存在を知らないまま告知しなかった場合にも</p>、<p class=""ans"">告知義務違反は成立する。</p>",0,"告知義務違反は、保険契約者または被保険者が、告知事項について、故意または重大な過失により事実の告知をせず、<p class=""ans"">または不実の告知をしたときに成立する。告知義務者が告知事項の存在を知らないまま告知しなかった場合には</p>、<p class=""ans"">告知義務違反は成立しないこととなる。</p>",第1章 3 (4)
20,"告知義務違反があれば保険者は、その保険契約を解除できる。民法上の一般原則では､契約が解除されれば､契約は成立時に遡及して消滅するが、保険法上は将来に向かってのみその効力が生ずると規定されている。契約を解除した場合、<p class=""ans"">既払込保険料と同額を契約者に払い戻す旨</p>、約款に定めてある。",0,"告知義務違反があれば保険者は、その保険契約を解除できる。民法上の一般原則では､契約が解除されれば､契約は成立時に遡及して消滅するが、保険法上は将来に向かってのみその効力が生ずると規定されている。契約を解除した場合、<p class=""ans"">解約返戻金と同額を契約者に払い戻す旨</p>、約款に定めてある。",第1章 3 (5)
21,"<p class=""ans"">契約者側に告知義務違反があり</p>、<p class=""ans"">保険者がその事実を過失によって知らなかった場合は契約を解除できるが</p>、<p class=""ans"">知っていた場合は解除することができない。</p>",0,"<p class=""ans"">契約者側に告知義務違反があっても</p>、<p class=""ans"">保険者がその事実を知っていた場合</p>、<p class=""ans"">または過失によって知らなかった場合は解除することができない。</p>",第1章 3 (5)
22,"告知義務違反があれば保険者は契約を解除できるが、いつまでも解除権を認めると、契約者を長期間不安定な状態にしておくので、保険法上、保険者が解除の原因を知ったときから1カ月間権利を行使しないとき、<p class=""ans"">または契約日から2年経過したときは､解除権は消滅すると規定している。</p>",0,"告知義務違反があれば保険者は契約を解除できるが、いつまでも解除権を認めると、契約者を長期間不安定な状態にしておくので、保険法上、保険者が解除の原因を知ったときから1カ月間権利を行使しないとき、<p class=""ans"">または契約日から5年経過したときは､解除権は消滅すると規定している。</p>",第1章 3 (6)
23,"保険者は一般にどの契約者に対しても可能な限り公平な扱いをする責任がある。そのために、<p class=""ans"">一定の被保険者集団でその個々の保険事故発生率は一律であることが必要である。これを危険一律性の原則という。</p>",0,"保険者は一般にどの契約者に対しても可能な限り公平な扱いをする責任がある。そのために、<p class=""ans"">一定の被保険者集団でその個々の保険事故発生率は均一であることが必要である。これを危険均一性の原則という。</p>",第1章 4
24,"純保険料は、実際死亡率が予定死亡率のとおりであり、実際利率が予定利率のとおりの場合、<p class=""ans"">適合性の原則が成立するように算出されている。</p>",0,"純保険料は、実際死亡率が予定死亡率のとおりであり、実際利率が予定利率のとおりの場合、<p class=""ans"">収支相等の原則が成立するように算出されている。</p>",第2章 2 (1)
25,"<p class=""ans"">養老保険の責任準備金の積み立ては</p>、保険期間の前半で純保険料が死亡率に相当する保険料より高い分を、保険期間の後半で死亡率が純保険料を上回るのに備えて積み立てるのみであり、<p class=""ans"">その額もきわめて少額であり</p>",0,"<p class=""ans"">定期保険の責任準備金の積み立ては</p>、保険期間の前半で純保険料が死亡率に相当する保険料より高い分を、保険期間の後半で死亡率が純保険料を上回るのに備えて積み立てるのみであり、<p class=""ans"">その額もきわめて少額である。</p>",第2章 2 (2)
26,養老保険では死亡の際に保険金が支払われるのはもちろんであるが、満期時にも保険金が支払われるため、生命保険会社では満期時の支払いに備えて責任準備金を積み立てる必要があり、責任準備金は保険年度とともに逓増する。,1,養老保険では死亡の際に保険金が支払われるのはもちろんであるが、満期時にも保険金が支払われるため、生命保険会社では満期時の支払いに備えて責任準備金を積み立てる必要があり、責任準備金は保険年度とともに逓増する。,第2章 2 (2)
27,定期保険や高倍率の定期付養老保険および定期付終身保険は、危険保険金、すなわち死亡保障部分が大きい。このことは逆選択を誘いやすい性格を持っているということでもある。,1,定期保険や高倍率の定期付養老保険および定期付終身保険は、危険保険金、すなわち死亡保障部分が大きい。このことは逆選択を誘いやすい性格を持っているということでもある。,第2章 2 (2)
28,実際死亡率が予定死亡率を下回った場合には、危険保険料が支払危険保険金を上回り、死差益が生じることになる。,1,実際死亡率が予定死亡率を下回った場合には、危険保険料が支払危険保険金を上回り、死差益が生じることになる。,第2章 2 (2)
29,"死差益の計算方法として、<p class=""ans"">ボールマンにより考案された純収支計算方式と統計的方式の両式がある。純収支計算方式で表せば</p>、基本的には死差益は年間の危険保険料収入額と危険保険金支払額との差として表される。",0,"死差益の計算方法として、<p class=""ans"">ボールマンにより考案された純収支計算方式と統計的方式の両式がある。統計的方式で表せば</p>、基本的には死差益は年間の危険保険料収入額と危険保険金支払額との差として表される。",第2章 3
30,"被保険者集団の具備すべき条件は、①危険の公平性が達成されていること、②保険の倫理が維持されていること、③契約の継続性があること、<p class=""ans"">④収支相等の原則が作用しうる程度に</p>、十分大量の被保険者が存在すること、である。",0,"被保険者集団の具備すべき条件は、①危険の公平性が達成されていること、②保険の倫理が維持されていること、③契約の継続性があること、<p class=""ans"">④大数の法則が作用しうる程度に</p>、十分大量の被保険者が存在すること、である。",第2章 4 (1)
31,"被保険者を契約年齢別に観察すると、若年齢層は健康体も多く、<p class=""ans"">安い保険料で加入することができ</p>、<p class=""ans"">診査の効果は顕著であるのに対し</p>、高年齢層では、保険料は高く、診査によって契約を延期されたり、<p class=""ans"">条件体になる率も高く</p>、<p class=""ans"">選択効果を期待できない。</p>",0,"被保険者を契約年齢別に観察すると、若年齢層は健康体も多く、<p class=""ans"">安い保険料で加入することができるが</p>、<p class=""ans"">診査の効果は顕著でないのに対し</p>、高年齢層では、保険料は高く、診査によって契約を延期されたり、<p class=""ans"">条件体になる率も高いが</p>、<p class=""ans"">選択効果は期待できる。</p>",第2章 4 (2)
32,生命保険会社は契約にあたって種々の方法で選択を行っており、診査による選択有効期間は3～5年と考えられているが、国民生命表との比較では、かなり長期に及ぶことが明らかになっている。,1,生命保険会社は契約にあたって種々の方法で選択を行っており、診査による選択有効期間は3～5年と考えられているが、国民生命表との比較では、かなり長期に及ぶことが明らかになっている。,第2章 4 (2)
33,アメリカでは、嘱託医の選択効果が十分でないことや、診査料の上昇の対策として、パラメディカル・スタッフによる選択情報の収集が行われている。これは看護師等を保険会社で訓練し、医師でなければできないものを除いて、診査の大部分を代行させるものである。,1,アメリカでは、嘱託医の選択効果が十分でないことや、診査料の上昇の対策として、パラメディカル・スタッフによる選択情報の収集が行われている。これは看護師等を保険会社で訓練し、医師でなければできないものを除いて、診査の大部分を代行させるものである。,第2章 4 (2)
34,できるだけ多数の人々に保険加入の門戸を開くため広く用いられているものに条件体保険がある。それ以外に、補助診断法の利用による「危険の濃縮」という方法があり、保険体の範囲の拡大の目的に用いて有効と考えられる。,1,できるだけ多数の人々に保険加入の門戸を開くため広く用いられているものに条件体保険がある。それ以外に、補助診断法の利用による「危険の濃縮」という方法があり、保険体の範囲の拡大の目的に用いて有効と考えられる。,第2章 4 (5)
35,新契約獲得のため、また危険の分散のため全国的な規模で募集活動を行うことが望ましい。必然的に全国で加入申込者の診査を行う必要が生じ、その消化のため多数の嘱託医の協力が必要になる。,1,新契約獲得のため、また危険の分散のため全国的な規模で募集活動を行うことが望ましい。必然的に全国で加入申込者の診査を行う必要が生じ、その消化のため多数の嘱託医の協力が必要になる。,第2章 5 (2)
36,医学的選択上の制約条件の第1は経費の問題､第2は選択制度の問題、第3は商品の特殊性の問題、第4は人体の複雑さの問題である。,1,医学的選択上の制約条件の第1は経費の問題､第2は選択制度の問題、第3は商品の特殊性の問題、第4は人体の複雑さの問題である。,第2章 5 (2)
37,"保険料は、純保険料と付加保険料で構成されているが、新契約募集も危険選択も、既契約保全の業務も、<p class=""ans"">すべて純保険料の範囲内でまかなうことが必要である。</p>",0,"保険料は、純保険料と付加保険料で構成されているが、新契約募集も危険選択も、既契約保全の業務も、<p class=""ans"">すべて付加保険料の範囲内でまかなうことが必要である。</p>",第2章 5 (2)
38,"医学的選択の資料として生命保険会社は常に欠陥研究を行っているが、<p class=""ans"">複雑な人体に対して危険分散の原則を満たすことはむずかしい。</p>",0,"医学的選択の資料として生命保険会社は常に欠陥研究を行っているが、<p class=""ans"">複雑な人体に対して危険均一性の原則を満たすことはむずかしい。</p>",第2章 5 (2)
39,"疾病入院保険(特約)の入院給付率をみると、給付日額が高額なほど入院給付率が高く、また、疾病入院保険(特約)における糖尿病の入院発生率と生活習慣病特約における糖尿病の入院発生率は理論上ほぼ同一でなければならないが、<p class=""ans"">生活習慣病特約における発生率が著しく低いという現象が観察されている。</p>",0,"疾病入院保険(特約)の入院給付率をみると、給付日額が高額なほど入院給付率が高く、また、疾病入院保険(特約)における糖尿病の入院発生率と生活習慣病特約における糖尿病の入院発生率は理論上ほぼ同一でなければならないが、<p class=""ans"">生活習慣病特約における発生率が著しく高いという現象が観察されている。</p>",第2章 5 (3)
40,"<p class=""ans"">疾病入院保険(特約)における死亡率や傷害給付率は､保険年度が進み選択効果が薄れるにつれ上昇するが</p>、手術給付率はむしろ加入早期のほうが高値である、という現象が観察されている。",0,"<p class=""ans"">疾病入院保険(特約)における死亡率や入院給付率は､保険年度が進み選択効果が薄れるにつれ上昇するが</p>、手術給付率はむしろ加入早期のほうが高値である、という現象が観察されている。",第2章 5 (3)
41,"<p class=""ans"">厚生労慟省の「医療施設(動態)調査・病院報告の概況」によると</p>、2019年(令和元年)の対人口10万人当たりの病床数を地域別に比較すると、その地域差は最大で約3倍になっており、入院給付率もそれを反映し、<p class=""ans"">三大都市圏から離れるにつれて低率となっている。</p>",0,"<p class=""ans"">厚生労働省の「医療施設(動態)調査・病院報告の概況」によると</p>、2019年(令和元年)の対人口10万人当たりの病床数を地域別に比較すると、その地域差は最大で約3倍になっており、入院給付率もそれを反映し、<p class=""ans"">三大都市圏から離れるにつれて高率となっている。</p>",第2章 5 (3)
42,"疾病入院保険(特約)において、消化器疾患のように選択しにくい疾患の平均入院日数は、<p class=""ans"">国民の平均入院日数より短期である</p>、という現象が観察されている。",0,"疾病入院保険(特約)において、消化器疾患のように選択しにくい疾患の平均入院日数は、<p class=""ans"">国民の平均入院日数より長期である</p>、という現象が観察されている。",第2章 5 (3)
43,習慣として問題となるのは、飲酒・麻薬・覚醒剤等の常用であり、賭博や闘争癖である。特に覚醒剤、麻薬の中毒者については、治癒後も長く保険契約を受理しないことが通例である。,1,習慣として問題となるのは、飲酒・麻薬・覚醒剤等の常用であり、賭博や闘争癖である。特に覚醒剤、麻薬の中毒者については、治癒後も長く保険契約を受理しないことが通例である。,第2章 6 (1)
44,資産・収入状態は、保険金額決定上の重要な要素である。資産・収入状態に相応しくない高額契約は、いわゆる過大契約といわれ、潜在的な医学的逆選択や道徳的危険を含んでいる可能性が高いので特に注意する必要がある。,1,資産・収入状態は、保険金額決定上の重要な要素である。資産・収入状態に相応しくない高額契約は、いわゆる過大契約といわれ、潜在的な医学的逆選択や道徳的危険を含んでいる可能性が高いので特に注意する必要がある。,第2章 6 (2)
45,環境選択を総合的に検討し、保険金額、保険期間、災害疾病入院給付金日額・金額に制限を付して受理している生命保険会社が多い。なお、不良な場合には早急に契約申込みを断っている。,1,環境選択を総合的に検討し、保険金額、保険期間、災害疾病入院給付金日額・金額に制限を付して受理している生命保険会社が多い。なお、不良な場合には早急に契約申込みを断っている。,第2章 6 (3)
46,"反社会的勢力に属している人あるいは交遊関係のある人、定まった仕事が無く主たる収入の無い人等は、保険加入動機に不純な目的が混入しやすい。これらの人は、<p class=""ans"">保険金を目当てとする逆選択の心理が働きやすいが</p>",0,"反社会的勢力に属している人あるいは交遊関係のある人、定まった仕事が無く主たる収入の無い人等は、保険加入動機に不純な目的が混入しやすい。これらの人は、<p class=""ans"">保険金・災害疾病入院給付金等を目当てとする逆選択の心理が働きやすい。</p>",第2章 6 (3)
47,"体格を評価する方法として体重測定が一般的に行われているが、これは身長別、年齢別に定められた標準体重を基準にしている。現在、<p class=""ans"">体格の判定にはBMI(Body MassIndex)を用いる会社がほとんどである。BMIは「体重(kg)÷[身長(m)の二乗]」で表される指数で標準値を18前後としている。</p>",0,"体格を評価する方法として体重測定が一般的に行われているが、これは身長別、年齢別に定められた標準体重を基準にしている。現在、<p class=""ans"">体格の判定にはBMI(Body MassIndex)を用いる会社がほとんどである。BMIは「体重(kg)÷[身長(m)の二乗]」で表される指数で標準値を22前後としている。</p>",第3章 2
48,"血圧は心臓の動きにつれて規則的に変化し、<p class=""ans"">心臓の収縮期に相当する血圧を高血圧</p>、<p class=""ans"">拡張期の血圧を低血圧と呼ぶ。</p>",0,"血圧は心臓の動きにつれて規則的に変化し、<p class=""ans"">心臓の収縮期に相当する血圧を最大血圧</p>、<p class=""ans"">拡張期の血圧を最小血圧と呼ぶ。</p>",第3章 3 (1)
49,"<p class=""ans"">生命保険医学においてはいわゆる高血圧それ自体はほとんど問題にならず</p>、<p class=""ans"">低血圧の影響のほうが重要となっている。</p>",0,"<p class=""ans"">生命保険医学においてはいわゆる低血圧それ自体はほとんど問題にならず</p>、<p class=""ans"">高血圧の影響のほうが重要となっている。</p>",第3章 3 (1)
50,"心疾患を原因別に分類すると、<p class=""ans"">若年層には高血圧性</p>、<p class=""ans"">虚血性のものが多く</p>、<p class=""ans"">中年および高年齢になると先天性のものが多くなる。</p>",0,"心疾患を原因別に分類すると、<p class=""ans"">若年層には先天性のものが多く</p>、<p class=""ans"">中年および高年齢になると高血圧性</p>、<p class=""ans"">虚血性のものが多くなる。</p>",第3章 3 (2)
51,"<p class=""ans"">尿中にブドウ糖が検出されるものを糖尿という。糖尿病は膵臓から分泌されるネフローゼの作用不足によって起こる代謝障害で</p>、自覚症状としては多尿、多食、多飲、体力の衰えがあり、<p class=""ans"">他の症状としては高血糖および糖尿がある。</p>",0,"<p class=""ans"">尿中にブドウ糖が検出されるものを糖尿という。糖尿病は膵臓から分泌されるインシュリンの作用不足によって起こる代謝障害で</p>、自覚症状としては多尿、多食、多飲、体力の衰えがあり、<p class=""ans"">他覚症状としては高血糖および糖尿がある。</p>",第3章 3 (3)
52,"肝臓の主な病気には、ウイルスによる肝炎や脂肪肝などがある。特にB型、<p class=""ans"">C型肝炎やネフローゼ性肝炎は治癒せずに慢性的に経過した場合</p>、肝硬変となることが多い。",0,"肝臓の主な病気には、ウイルスによる肝炎や脂肪肝などがある。特にB型、<p class=""ans"">C型肝炎やアルコール性肝炎は治癒せずに慢性的に経過した場合</p>、肝硬変となることが多い。",第3章 3 (4)
53,"ヒト免疫不全ウイルス(HIV)は、<p class=""ans"">人体の免疫力の中心である赤血球に感染して破壊してしまうため</p>、免疫力が極端に低下してしまい、死に至ることになる。",0,"ヒト免疫不全ウイルス(HIV)は、<p class=""ans"">人体の免疫力の中心であるリンパ球に感染して破壊してしまうため</p>、免疫力が極端に低下してしまい、死に至ることになる。",第3章 3 (7)
54,"各種特約の入院率をみてみると、<p class=""ans"">職業と入院率については関連が全くないことが判明している。</p>",0,"各種特約の入院率をみてみると、<p class=""ans"">職業と入院率についても相当の関連があることが判明している。</p>",第3章 4 (2)
55,職業病は、ある職業に長期間にわたって従事した場合、健康に障害を起こすものであるが､産業医学の進歩､安全衛生管理の発達により、職業病の危険は著しく改善されてきている。,1,職業病は、ある職業に長期間にわたって従事した場合、健康に障害を起こすものであるが､産業医学の進歩､安全衛生管理の発達により、職業病の危険は著しく改善されてきている。,第3章 4 (2)
56,職業危険に対する具体的な制限としては、主契約について、最高保険金額の制限、特約についての付加制限、または会社によっては職業を理由として特別保険料の徴収を行っている。,1,職業危険に対する具体的な制限としては、主契約について、最高保険金額の制限、特約についての付加制限、または会社によっては職業を理由として特別保険料の徴収を行っている。,第3章 4 (2)
57,"職業危険には、「職業に伴う災害危険」などがあるが、<p class=""ans"">「アルコール中毒や不摂生生活のような職業に随伴する危険」は含まれない。</p>",0,"職業危険には、「職業に伴う災害危険」などがあるが、<p class=""ans"">「アルコール中毒や不摂生生活のような職業に随伴する危険」も含まれる。</p>",第3章 4 リード
58,大部分の生命保険会社は条件体契約に対して、年齢別に金額上の区分を設けて制限を加えている。これは、加入年齢、保険料支払能力、需要度を考慮し、年齢と保険金額の不均衡を制限することによって、高額契約にときおりみられる潜在的逆選択を防止しようとする対策の一手段である。,1,大部分の生命保険会社は条件体契約に対して、年齢別に金額上の区分を設けて制限を加えている。これは、加入年齢、保険料支払能力、需要度を考慮し、年齢と保険金額の不均衡を制限することによって、高額契約にときおりみられる潜在的逆選択を防止しようとする対策の一手段である。,第4章 1 (1)
59,逆選択者にとって魅力のない保険金額に制限することにより、自殺や他殺等への対策として効果を期待できる。,1,逆選択者にとって魅力のない保険金額に制限することにより、自殺や他殺等への対策として効果を期待できる。,第4章 1 (2)
60,"<p class=""ans"">一般に長期養老または長期払込養老保険の経験死亡率は</p>、<p class=""ans"">短期のものより良好である。ただし</p>、定期保険ではこの関係は逆転し、<p class=""ans"">保険期間が長期のものに逆選択が集中する傾向がある。</p>",0,"<p class=""ans"">一般に短期養老または短期払込養老保険の経験死亡率は</p>、<p class=""ans"">長期のものより良好である。ただし</p>、定期保険ではこの関係は逆転し、<p class=""ans"">保険期間が短期のものに逆選択が集中する傾向がある。</p>",第4章 1 (3)
61,"診査は大部分が初対面の被保険者に対するものであり、しかも保険診査は、一般の健康診断とは別に専門知識や、熟練を要するものであるから、<p class=""ans"">診査医によっては格差が生じるが</p>、<p class=""ans"">診査1件あたりの保険金額の限度や被保険者年齢上の区分を設けているところは少ない。</p>",0,"診査は大部分が初対面の被保険者に対するものであり、しかも保険診査は、一般の健康診断とは別に専門知識や、熟練を要するものであるから、<p class=""ans"">診査医によっては格差が生じるため</p>、<p class=""ans"">診査1件あたりの保険金額の限度や被保険者年齢上の区分を設けているところが多い。</p>",第4章 1 (4)
62,"生命保険の効用の多様化に伴い、その用途に応じて、事業保険、経営者保険、債権債務関係の保険等の名称で利用される場合があるが、<p class=""ans"">これらはいわゆる従業員のためにする保険契約であり</p>、この種の契約については募集経路、申込動機、加入保険金額を特に慎重に検討し、道徳的危険を排除することが必要である。",0,"生命保険の効用の多様化に伴い、その用途に応じて、事業保険、経営者保険、債権債務関係の保険等の名称で利用される場合があるが、<p class=""ans"">これらはいわゆる他人のためにする保険契約であり</p>、この種の契約については募集経路、申込動機、加入保険金額を特に慎重に検討し、道徳的危険を排除することが必要である。",第4章 1 (5)
63,長期間、日本国外に渡航しようとするものについては契約を引き受けない場合が多いが、短期間の海外渡航については、渡航先、渡航目的、渡航期間等を検討のうえ、保険期間、保険金額、払込方法等を制限して契約を引き受けることがある。,1,長期間、日本国外に渡航しようとするものについては契約を引き受けない場合が多いが、短期間の海外渡航については、渡航先、渡航目的、渡航期間等を検討のうえ、保険期間、保険金額、払込方法等を制限して契約を引き受けることがある。,第4章 1 (5)
64,"従業員・役員を被保険者とする契約者事業主契約において、<p class=""ans"">従業員を被保険者とする場合には被保険者の書面による加入同意の確認が必要となるが</p>、<p class=""ans"">役員を被保険者とする場合にはその必要はない。</p>",0,"従業員・役員を被保険者とする契約者事業主契約において、<p class=""ans"">従業員を被保険者とする場合も</p>、<p class=""ans"">役員を被保険者とする場合も</p>",第4章 1 (5)
65,"最近の保険金・災害疾病入院給付金支払事故において、<p class=""ans"">道徳的危険(モラルリスク)は顕在的傾向から</p>、<p class=""ans"">潜在化への傾向にある。逆選択加入手段も巧妙かつ計画的で</p>、かつ、集団的に複数社への集中加入により保険金・災害疾病入院給付金詐取事件が続発し、新聞報道等により社会的問題になっている。",0,"最近の保険金・災害疾病入院給付金支払事故において、<p class=""ans"">道徳的危険(モラルリスク)は潜在的傾向から</p>、<p class=""ans"">顕在化への傾向にある。逆選択加入手段も巧妙かつ計画的で</p>、かつ、集団的に複数社への集中加入により保険金・災害疾病入院給付金詐取事件が続発し、新聞報道等により社会的問題になっている。",第4章 2 リード
66,"逆選択は、<p class=""ans"">健康に自信のある者が保険に加入したがる心理的な傾向で</p>、<p class=""ans"">このような人間の心理的状態を危険の要素として直接測定することは可能である。</p>",0,"逆選択は、<p class=""ans"">健康に自信のない者が保険に加入したがる心理的な傾向で</p>、<p class=""ans"">このような人間の心理的状態を危険の要素として直接測定することはできない。</p>",第4章 2 (1)
67,道徳的危険の発見と排除については、支社・本社での書類審査だけではきわめて難しく、被保険者・契約者に直接数多く接している(面接・面談している)募集担当者が環境・道徳的危険選択上、果たしている役割は非常に大きい。,1,道徳的危険の発見と排除については、支社・本社での書類審査だけではきわめて難しく、被保険者・契約者に直接数多く接している(面接・面談している)募集担当者が環境・道徳的危険選択上、果たしている役割は非常に大きい。,第4章 2 (2)
68,"<p class=""ans"">保険業法では</p>、保険契約者または保険金受取人が故意に被保険者を死亡させる、給付事由を発生させるなどの行為や、保険給付の請求における詐欺行為のほか、保険会社の契約者、被保険者または保険金受取人に対する信頼を損ない、保険契約の存続を困難とする重大な事由がある場合に、保険会社が保険契約を解除できると定めている。",0,"<p class=""ans"">保険法では</p>、保険契約者または保険金受取人が故意に被保険者を死亡させる、給付事由を発生させるなどの行為や、保険給付の請求における詐欺行為のほか、保険会社の契約者、被保険者または保険金受取人に対する信頼を損ない、保険契約の存続を困難とする重大な事由がある場合に、保険会社が保険契約を解除できると定めている。",第4章 2 (3)
69,"保険約款に定める「重大事由による解除権」の規定は、契約者側に社会的にみて著しく公序良俗に反する行為があり、<p class=""ans"">その行為が原因となって契約当事者の契約関係が著しく破壊されるにいたった場合</p>、あるいは契約者側に不当な所得が生じるおそれが発生した場合に、保険会社が解除権を行使して、契約の拘束から免れる内容となっている。",0,"保険約款に定める「重大事由による解除権」の規定は、契約者側に社会的にみて著しく公序良俗に反する行為があり、<p class=""ans"">その行為が原因となって契約当事者の信頼関係が著しく破壊されるにいたった場合</p>、あるいは契約者側に不当な所得が生じるおそれが発生した場合に、保険会社が解除権を行使して、契約の拘束から免れる内容となっている。",第4章 2 (3)
70,"「査定・決定」は、各危険選択制度を使用し集められた情報と、各生命保険会社が保有している災害・疾病給付金支払情報・モラルリスク情報・既契約情報や、<p class=""ans"">金融庁で実施している「契約内容登録制度」「契約内容照会制度」「支払査定時照会制度」の情報等を総合的に判断して行う。</p>",0,"「査定・決定」は、各危険選択制度を使用し集められた情報と、各生命保険会社が保有している災害・疾病給付金支払情報・モラルリスク情報・既契約情報や、<p class=""ans"">生命保険協会で実施している「契約内容登録制度」「契約内容照会制度」「支払査定時照会制度」の情報等を総合的に判断して行う。</p>",第5章 1 リード
71,"<p class=""ans"">「査定」は総合的に選択判断を行う場合に使用する場合が多い。また「決定」は主に医学的選択判断に使用する場合が多い。</p>",0,"<p class=""ans"">「決定」は総合的に選択判断を行う場合に使用する場合が多い。また「査定」は主に医学的選択判断に使用する場合が多い。</p>",第5章 1 リード
72,第1次選択において、被保険者(または契約者)に直接面接する募集担当者は、その申込者が被保険体としての適格性を有しているかを、外貌、健康状態、職業、生活環境等いろいろな視点から観察、質問し、所定の審査報告書(新契約報告書等)を作成することにより、書類のみの審査方法による本社の選択に十分な資料を提供する。,1,第1次選択において、被保険者(または契約者)に直接面接する募集担当者は、その申込者が被保険体としての適格性を有しているかを、外貌、健康状態、職業、生活環境等いろいろな視点から観察、質問し、所定の審査報告書(新契約報告書等)を作成することにより、書類のみの審査方法による本社の選択に十分な資料を提供する。,第5章 2 リード
73,"生命保険の診査医は、診査報状の作成に当たって、診査の結果をありのままに報告する義務がある。この場合､正確で精密な診査(観察)、<p class=""ans"">所見の明確な記載に加え</p>、<p class=""ans"">健康の異常や症状に対する明確な診断が必要である。</p>",0,"生命保険の診査医は、診査報状の作成に当たって、診査の結果をありのままに報告する義務がある。この場合､正確で精密な診査(観察)、<p class=""ans"">所見の明確な記載が必要であるが</p>、<p class=""ans"">健康の異常や症状に対する明確な診断は必ずしも必要ない。</p>",第5章 3 (1)
74,生命保険診査を行う嘱託医は、ほとんどが開業医で生命保険会社とは民法上の準委任の関係にあり、副業として診査に従事することが多い。嘱託医の診査は、診察室で宅診の形で行われることが多いが、被保険者の自宅あるいは勤務先などで往診の形でも行われる。,1,生命保険診査を行う嘱託医は、ほとんどが開業医で生命保険会社とは民法上の準委任の関係にあり、副業として診査に従事することが多い。嘱託医の診査は、診察室で宅診の形で行われることが多いが、被保険者の自宅あるいは勤務先などで往診の形でも行われる。,第5章 3 (1)
75,「生命保険面接士による健康確認」制度では、面接士は被保険者との面接後、その結果をありのまま報告書に記載して生命保険会社に報告し、選択のための資料を提供する。報告書は、告知書と観察報告書から成り立っている。,1,「生命保険面接士による健康確認」制度では、面接士は被保険者との面接後、その結果をありのまま報告書に記載して生命保険会社に報告し、選択のための資料を提供する。報告書は、告知書と観察報告書から成り立っている。,第5章 3 (2)
76,"人間ドック扱とは、<p class=""ans"">受診した「人間ドック(総合健診)」の検査成績表を被保険者の同意書と一緒に提出してもらうことにより</p>、「医師による診査」に代える制度である。",0,"人間ドック扱とは、<p class=""ans"">受診した「人間ドック(総合健診)」の検査成績表を被保険者の告知書と一緒に提出してもらうことにより</p>、「医師による診査」に代える制度である。",第5章 3 (4)
77,"医学的査定や道徳的危険(環境)査定の対象となる危険は、危険の種類・性質によって「逓増性危険」、「恒常性危険」、「逓減性危険」に区分される。条件体の特別条件付として契約する場合、<p class=""ans"">「逓増性危険」には保険金削減法が適用される。</p>",0,"医学的査定や道徳的危険(環境)査定の対象となる危険は、危険の種類・性質によって「逓増性危険」、「恒常性危険」、「逓減性危険」に区分される。条件体の特別条件付として契約する場合、<p class=""ans"">「逓増性危険」には特別保険料領収法が適用される。</p>",第5章 4 (1)
78,"契約申込みに対する査定・決定で、申込みどおりの内容で契約できる場合の決定を無条件決定(無条件承諾)という。また、申込時における1回の診査だけでは契約の受理可否が判定できない場合、もう一度直ちにまたは一定期間経過後、<p class=""ans"">診査を行ったうえで判定をしようとする決定を中間決定という。</p>",0,"契約申込みに対する査定・決定で、申込みどおりの内容で契約できる場合の決定を無条件決定(無条件承諾)という。また、申込時における1回の診査だけでは契約の受理可否が判定できない場合、もう一度直ちにまたは一定期間経過後、<p class=""ans"">診査を行ったうえで判定をしようとする決定を再診という。</p>",第5章 4 (3)
79,"数字査定法による評点の合計が「-50」の場合、<p class=""ans"">契約期間を通して予定死亡率が各年齢で50％の超過死亡があることを示している。</p>",0,"数字査定法による評点の合計が「-50」の場合、<p class=""ans"">契約期間を通して予定死亡率が各年齢で50％の改善があることを示している。</p>",第5章 4 (4)
80,"査定標準(基準)とは、生命保険会社が危険選択を行う際の基準を示したもので、<p class=""ans"">死亡率に影響を与えると考えられる年齢・性別・職業・体格・現病歴・既往歴等の各因子を危険選択上どの様に評価すべきかが示されているが</p>、<p class=""ans"">生活習慣や嗜好といった因子については示されていない。</p>",0,"査定標準(基準)とは、生命保険会社が危険選択を行う際の基準を示したもので、<p class=""ans"">死亡率に影響を与えると考えられる年齢・性別・職業・体格・現病歴・既往歴等の各因子を危険選択上どの様に評価すべきかが示されており</p>、<p class=""ans"">生活習慣や嗜好といった因子についても示されている。</p>",第5章 4 (4)
81,"<p class=""ans"">多量の申込みに対し契約確認を実施するには莫大な経費がかかるが</p>、契約成立後の契約確認で危険の混入が判明した場合は、<p class=""ans"">新契約時前よりも慎重な対応が求められることから</p>、<p class=""ans"">大部分の契約確認は契約成立前に行い</p>、<p class=""ans"">一部を契約成立後に行っている。</p>",0,"<p class=""ans"">多量の申込みに対し契約確認を実施するには莫大な経費がかかるため</p>、契約成立後の契約確認で危険の混入が判明した場合は、<p class=""ans"">新契約時前よりも慎重な対応が求められるが</p>、<p class=""ans"">一部の契約確認は契約成立前に行い</p>、<p class=""ans"">大部分を契約成立後に行っている。</p>",第5章 5 (2)
82,契約成立前の契約確認は、一定金額以上の高額契約および医学的あるいは道徳的に問題があり、査定・決定時の選択資料として特に確認が必要と認められた契約を対象としている。,1,契約成立前の契約確認は、一定金額以上の高額契約および医学的あるいは道徳的に問題があり、査定・決定時の選択資料として特に確認が必要と認められた契約を対象としている。,第5章 5 (2)
83,契約成立後の契約確認は、確認業務を専門に担当する自社職員または専門の外部機関に委託して行われる。その方法は、被保険者、契約者への面談をはじめとし、治療医との面談、診断書の取り寄せ等多岐にわたっており、業務担当者には高度の対応技術や医学的知識と迅速な行動が必要とされる。,1,契約成立後の契約確認は、確認業務を専門に担当する自社職員または専門の外部機関に委託して行われる。その方法は、被保険者、契約者への面談をはじめとし、治療医との面談、診断書の取り寄せ等多岐にわたっており、業務担当者には高度の対応技術や医学的知識と迅速な行動が必要とされる。,第5章 5 (2)
84,契約成立後の契約確認は、年齢、保険金額などから一定の基準を定め、死亡率や逆選択の混入の高い契約群団を対象としている。,1,契約成立後の契約確認は、年齢、保険金額などから一定の基準を定め、死亡率や逆選択の混入の高い契約群団を対象としている。,第5章 5 (2)
85,"契約成立後の契約確認で危険の混入が判明した一部の契約については、<p class=""ans"">契約者または被保険者に故意または重大な過失により重大事実の不告知や利益相反行為があった場合は</p>、保険法および約款の規定により、告知義務違反として契約解除とし、詐欺行為があった場合は契約を取消しとする方法により危険度の高い契約を排除している。",0,"契約成立後の契約確認で危険の混入が判明した一部の契約については、<p class=""ans"">契約者または被保険者に故意または重大な過失により重大事実の不告知や不実の告知があった場合</p>、保険法および約款の規定により、告知義務違反として契約解除とし、詐欺行為があった場合は契約を取消しとする方法により危険度の高い契約を排除している。",第5章 5 (4)
86,"保険金確認・給付金確認の確認担当者は、生存している契約者、被保険者、家族、被保険者死亡のときの遺族、募集担当者、診査医、主治医、警察、死診医(検案医、解剖医)その他の関係者など、多くの相手と面接するが、<p class=""ans"">確認する項目は契約確認と比較して簡略化されたものとなる。</p>",0,"保険金確認・給付金確認の確認担当者は、生存している契約者、被保険者、家族、被保険者死亡のときの遺族、募集担当者、診査医、主治医、警察、死診医(検案医、解剖医)その他の関係者など、多くの相手と面接するが、<p class=""ans"">確認する項目は契約確認と比較して広範囲かつ綿密なものとなる。</p>",第5章 6 (1)
87,保険金確認・給付金確認を行う時期は、保険事故発生後であり、確認の対象は契約確認と若干異なっているが、告知義務違反やモラルリスクを排除し、生命保険の公平性の原則を達成しようとする目的自体は契約確認となんら変わるところはない。,1,保険金確認・給付金確認を行う時期は、保険事故発生後であり、確認の対象は契約確認と若干異なっているが、告知義務違反やモラルリスクを排除し、生命保険の公平性の原則を達成しようとする目的自体は契約確認となんら変わるところはない。,第5章 6 (1)
88,被保険者の死亡後に、重要事実についての告知義務違反の事実が判明して契約解除を行うためには、既往歴など告知義務違反の事実と死因との間に因果関係がなければならない。,1,被保険者の死亡後に、重要事実についての告知義務違反の事実が判明して契約解除を行うためには、既往歴など告知義務違反の事実と死因との間に因果関係がなければならない。,第5章 6 (2)
89,"生命保険協会は、<p class=""ans"">厚生労働省ならびに農林水産省との間において</p>、<p class=""ans"">「契約内容登録制度の登録内容」と「生命共済の契約内容」を相互に照会する「契約内容照会制度」を実施している。</p>",0,"生命保険協会は、<p class=""ans"">全国共済農業協同組合連合会との間において</p>、<p class=""ans"">「契約内容登録制度の登録内容」と「全国共済農業協同組合連合会(JA共済連)の契約内容」を相互に照会する「契約内容照会制度」を実施している。</p>",第5章 7 (10)
90,"生命保険業界では、<p class=""ans"">モラルリスク防止対策として加入申出段階における「個人情報登録制度」を実施し</p>、継続的に制度の充実が図られている。",0,"生命保険業界では、<p class=""ans"">モラルリスク防止対策として加入申出段階における「契約内容登録制度」を実施し</p>、継続的に制度の充実が図られている。",第5章 7 (10)
91,"「契約内容登録制度」では、保険会社は、保険契約の申込みや入院給付特約の付加などの申込みを受けた時点で、<p class=""ans"">金融庁の登録センターに契約内容を登録し</p>、併せて契約の加入状況を照会する。",0,"「契約内容登録制度」では、保険会社は、保険契約の申込みや入院給付特約の付加などの申込みを受けた時点で、<p class=""ans"">生命保険協会の登録センターに契約内容を登録し</p>、併せて契約の加入状況を照会する。",第5章 7 (10)
92,"個人情報保護法に定める「個人情報」とは、<p class=""ans"">生存するまたは死亡した個人に関する情報であって</p>、当該情報に含まれる氏名、生年月日その他の記述等により特定の個人を識別することができるもの(他の情報と容易に照合することができ、それにより特定の個人を識別することができることとなるものを含む)、または、個人識別符号が含まれるものをいう。",0,"個人情報保護法に定める「個人情報」とは、<p class=""ans"">生存する個人に関する情報であって</p>、当該情報に含まれる氏名、生年月日その他の記述等により特定の個人を識別することができるもの(他の情報と容易に照合することができ、それにより特定の個人を識別することができることとなるものを含む)、または、個人識別符号が含まれるものをいう。",第5章 7 (4)
93,"生命保険会社等は、個人情報の利用目的を変更する場合には、変更後の利用目的が変更前の利用目的からみて、社会通念上も本人が想定できる範囲を超えて行ってはならない。また、変更された利用目的について、<p class=""ans"">いかなる場合であっても本人の同意を得なければならない。</p>",0,"生命保険会社等は、個人情報の利用目的を変更する場合には、変更後の利用目的が変更前の利用目的からみて、社会通念上も本人が想定できる範囲を超えて行ってはならない。また、変更された利用目的について、<p class=""ans"">本人に通知又は公表しなければならない。</p>",第5章 7 (5)
94,生命保険会社等は、あらかじめ本人の同意を得ることなく、利用目的の達成に必要な範囲を超えて、個人情報を取り扱ってはならない。但し、「法令に基づく場合」や「人の生命、身体又は財産の保護のため必要がある場合であって、本人の同意を得ることが困難であるとき」などは除かれる。,1,生命保険会社等は、あらかじめ本人の同意を得ることなく、利用目的の達成に必要な範囲を超えて、個人情報を取り扱ってはならない。但し、「法令に基づく場合」や「人の生命、身体又は財産の保護のため必要がある場合であって、本人の同意を得ることが困難であるとき」などは除かれる。,第5章 7 (5)
95,生命保険会社等が、与信事業に際して、個人情報を個人信用情報機関に提供する場合には、その旨を利用目的に明示する。更に、明示した利用目的について本人の同意を得ることとする。,1,生命保険会社等が、与信事業に際して、個人情報を個人信用情報機関に提供する場合には、その旨を利用目的に明示する。更に、明示した利用目的について本人の同意を得ることとする。,第5章 7 (5)
96,生命保険会社等が、保険募集等に関して取得した保健医療情報を与信事業等に流用することは、保険業の適切な業務運営を確保する必要性から業務遂行上必要な範囲で機微(センシティブ)情報を利用または第三者提供する場合にはあたらない。,1,生命保険会社等が、保険募集等に関して取得した保健医療情報を与信事業等に流用することは、保険業の適切な業務運営を確保する必要性から業務遂行上必要な範囲で機微(センシティブ)情報を利用または第三者提供する場合にはあたらない。,第5章 7 (6)
97,本人、国の機関、地方公共団体、新聞などにより公開されている情報および外形から明白な身体等に関する情報は、個人情報保護法に定める「機微(センシティブ)情報」に該当しない。,1,本人、国の機関、地方公共団体、新聞などにより公開されている情報および外形から明白な身体等に関する情報は、個人情報保護法に定める「機微(センシティブ)情報」に該当しない。,第5章 7 (6)
98,"個人情報保護法により生命保険会社等は、個人データの取得・利用・保管等の各段階に応じた「組織的安全管理措置｣、「人的安全管理措置｣、<p class=""ans"">「物理的安全管理措置」及び「体系的安全管理措置」を含む必要かつ適切な措置を講じなければならない。</p>",0,"個人情報保護法により生命保険会社等は、個人データの取得・利用・保管等の各段階に応じた「組織的安全管理措置｣、「人的安全管理措置｣、<p class=""ans"">「物理的安全管理措置」及び「技術的安全管理措置」を含む必要かつ適切な措置を講じなければならない。</p>",第5章 7 (9)
99,"入院・手術保障における料率は、原則として、<p class=""ans"">(給付日額)×(最高給付日数)×(保険事故発生率)にリンクしている。現行の入院特約方法では</p>、保険事故発生率は入院率を意味する。",0,"入院・手術保障における料率は、原則として、<p class=""ans"">(給付日額)×(平均給付日数)×(保険事故発生率)にリンクしている。現行の入院特約方法では</p>、保険事故発生率は入院率を意味する。",第6章 1 (2)
100,"死亡率の高い疾患と入院、手術の発生率の高い疾患の診査観点は、<p class=""ans"">ほとんど差がない。</p>",0,"死亡率の高い疾患と入院、手術の発生率の高い疾患の診査観点は、<p class=""ans"">まったく異なる。</p>",第6章 1 (3)
101,"<p class=""ans"">給付金日額の制限によって超過危険を調整することができる。また</p>、この制限は不当利得の企てに対抗する抑制策として有効である。現在、<p class=""ans"">大部分の保険会社が入院給付金日額の取扱基準により限度額を設けている。</p>",0,"<p class=""ans"">給付金日額の制限によって超過危険を調整することはできないが</p>、この制限は不当利得の企てに対抗する抑制策として有効である。現在、<p class=""ans"">大部分の保険会社が入院給付金日額の取扱基準により限度額を設けているのは</p>",第6章 1 (3)
102,疾病保険の特別条件付決定の種類のうち、「待ち期間」とは、契約後一定期間は給付金を支払わない方法である。契約後一定期間は保険事故発生の可能性がきわめて高く、その期間が過ぎると標準体と同様の程度にまで急激に危険の減少が見込まれるものに適するほか、逆選択の防止にも有効である。,1,疾病保険の特別条件付決定の種類のうち、「待ち期間」とは、契約後一定期間は給付金を支払わない方法である。契約後一定期間は保険事故発生の可能性がきわめて高く、その期間が過ぎると標準体と同様の程度にまで急激に危険の減少が見込まれるものに適するほか、逆選択の防止にも有効である。,第6章 1 (3)
103,疾病保険の特別条件付決定の種類のうち、「特定疾患、特定部位不担保法」とは、ある疾患または、ある部位に発生した疾患が原因で、入院・手術をしたときは、一定の期間(たとえば1~5年あるいは10年)不担保、すなわち給付金支払いを免れるとするものである。,1,疾病保険の特別条件付決定の種類のうち、「特定疾患、特定部位不担保法」とは、ある疾患または、ある部位に発生した疾患が原因で、入院・手術をしたときは、一定の期間(たとえば1~5年あるいは10年)不担保、すなわち給付金支払いを免れるとするものである。,第6章 1 (3)
104,申込者に面接する募集担当者が行う「第1次選択」は疾病の「発病」に連なる既往歴、健康状態はもとより、心理的、社会的要因など多面的な角度から、観察、質問し所定の報告書を作成しなければならない。,1,申込者に面接する募集担当者が行う「第1次選択」は疾病の「発病」に連なる既往歴、健康状態はもとより、心理的、社会的要因など多面的な角度から、観察、質問し所定の報告書を作成しなければならない。,第6章 1 (3)
105,"<p class=""ans"">傷害特約は被保険者が不慮の事故または健康保険法に定める1～3類感染症によって死亡した場合には災害保険金を支払い</p>、また不慮の事故によって身体に障害を受けた場合には所定の障害給付金を支払うことを主な内容としている。",0,"<p class=""ans"">傷害特約は被保険者が不慮の事故または感染症法に定める1～3類感染症によって死亡した場合には災害保険金を支払い</p>、また不慮の事故によって身体に障害を受けた場合には所定の障害給付金を支払うことを主な内容としている。",第6章 2 (1)
106,"団体定期保険や総合福祉団体定期保険において一般に対象となる団体は、<p class=""ans"">「同一企業体または同一官公庁に所属する者の団体(雇用者団体)</p>、もしくは所属する者によって組織された労働組合、協同組合、互助会、共済組合などの所属員の団体(職域組合団体)とこれに準ずるもの｣が原則である。",0,"団体定期保険や総合福祉団体定期保険において一般に対象となる団体は、<p class=""ans"">「同一企業体または同一官公庁に所属する者の団体(被用者団体)</p>、もしくは所属する者によって組織された労働組合、協同組合、互助会、共済組合などの所属員の団体(職域組合団体)とこれに準ずるもの｣が原則である。",第6章 3 (1)
107,団体定期保険では、あらかじめ設定した数組の保険金額の中からいずれかを被保険者に任意に選ばせる方法をとっており、一人の被保険者に対する保険金額については、最高限度が設けられている。さらに、危険選択上、最低保険金額に対する最高保険金額の倍数を制限するような配慮がなされている。,1,団体定期保険では、あらかじめ設定した数組の保険金額の中からいずれかを被保険者に任意に選ばせる方法をとっており、一人の被保険者に対する保険金額については、最高限度が設けられている。さらに、危険選択上、最低保険金額に対する最高保険金額の倍数を制限するような配慮がなされている。,第6章 3 (3)
108,"団体保険の約款では、被保険者となる者全員についての保険契約者による告知を求めることとしており、一般的には個人の申込みを兼ねている団体定期保険の場合は、各被保険者の告知を求めるが、総合福祉団体定期保険の場合には、各被保険者の告知に代えて、<p class=""ans"">健康および役職の一括告知にとどめることが多い。</p>",0,"団体保険の約款では、被保険者となる者全員についての保険契約者による告知を求めることとしており、一般的には個人の申込みを兼ねている団体定期保険の場合は、各被保険者の告知を求めるが、総合福祉団体定期保険の場合には、各被保険者の告知に代えて、<p class=""ans"">健康および正常勤務の一括告知にとどめることが多い。</p>",第6章 3 (4)
109,"<p class=""ans"">団体保険については</p>、<p class=""ans"">団体契約という性格から</p>、<p class=""ans"">職業上の危険選択は行わない。</p>",0,"<p class=""ans"">団体保険についても</p>、<p class=""ans"">個人保険と同様に</p>、<p class=""ans"">団体と契約を締結する場合は</p>",第6章 3 (5)
110,"団体定期保険や総合福祉団体定期保険は、保険期間1年間の更新契約であるから､保険会社は、契約更新日に保険料率を変更することができる。また、<p class=""ans"">被保険者の同意を得れば</p>、保険金額の決定方法の変更、または契約内容の変更も可能である。",0,"団体定期保険や総合福祉団体定期保険は、保険期間1年間の更新契約であるから､保険会社は、契約更新日に保険料率を変更することができる。また、<p class=""ans"">契約者の同意を得れば</p>、保険金額の決定方法の変更、または契約内容の変更も可能である。",第6章 3 (6)
111,"復活の方法・選択の仕方は、失効後の期間や契約金額の大小により異なるが、<p class=""ans"">失効後の期間の短いものほど逆選択混入の危険が多く</p>、また診査による復活の場合に比べ告知のみによる復活の場合のほうが経験死亡率が高いとされている。",0,"復活の方法・選択の仕方は、失効後の期間や契約金額の大小により異なるが、<p class=""ans"">失効後の期間の長いものほど逆選択混入の危険が多く</p>、また診査による復活の場合に比べ告知のみによる復活の場合のほうが経験死亡率が高いとされている。",第6章 4
112,再保険は、元受会社と再保険者の間の再保険協約によって行われる。この再保険協約は、保険者が保険金の支払いおよび保険金の支払いに関連して支出した費用を再保険者が填補することを目的とする保険契約である。,1,再保険は、元受会社と再保険者の間の再保険協約によって行われる。この再保険協約は、保険者が保険金の支払いおよび保険金の支払いに関連して支出した費用を再保険者が填補することを目的とする保険契約である。,第7章 1
113,再保険取引の契約書を、再保険協約または再保険協定書といい、元受会社(出再会社)と受再保険会社の権利義務を規定している。,1,再保険取引の契約書を、再保険協約または再保険協定書といい、元受会社(出再会社)と受再保険会社の権利義務を規定している。,第7章 2 (1)
114,〔元受会社／受再保険会社〕の形態が「義務出再／義務引受」のものを自動再保険といい、「任意出再／任意引受」のものを任意再保険という。,1,〔元受会社／受再保険会社〕の形態が「義務出再／義務引受」のものを自動再保険といい、「任意出再／任意引受」のものを任意再保険という。,第7章 2 (1)
115,任意再保険の場合、元受会社は再保険会社に査定用の資料を送付しなければならず、出再事務に手数がかかるうえ、再保険会社の査定結果を待たなければならないため、(元受)契約の諾否決定に時間がかかる。,1,任意再保険の場合、元受会社は再保険会社に査定用の資料を送付しなければならず、出再事務に手数がかかるうえ、再保険会社の査定結果を待たなければならないため、(元受)契約の諾否決定に時間がかかる。,第7章 2 (1)
116,"<p class=""ans"">群団再保険においてストップ・ロス再保険とは</p>、「一事故｣について、ある元受契約集団の支払保険金総額が、事前に定めた金額を超過した場合、その超過額の全部または一部を再保険金として支払う方式をいう。",0,"<p class=""ans"">群団再保険においてエクセス・オブ・ロス再保険とは</p>、「一事故｣について、ある元受契約集団の支払保険金総額が、事前に定めた金額を超過した場合、その超過額の全部または一部を再保険金として支払う方式をいう。",第7章 2 (2)
117,"個別再保険における共同保険式再保険は、<p class=""ans"">取扱いが簡単であり</p>、<p class=""ans"">元受会社にとっては危険に関係のない責任準備金部分の再保険料を支払う必要がない点にメリットがある。</p>",0,"個別再保険における共同保険式再保険は、<p class=""ans"">取扱いが簡単である点にメリットがあるが</p>、<p class=""ans"">元受会社にとっては危険に関係のない責任準備金部分の再保険料を支払わなければならない。</p>",第7章 2 (2)
118,"<p class=""ans"">群団再保険においては</p>、元受保有額を定めることにより出再額が決定するが、一定金額までを元受会社が保有し、一定金額を超過した部分を再保険会社に出再する方式をサープラス方式という。",0,"<p class=""ans"">個別再保険においては</p>、元受保有額を定めることにより出再額が決定するが、一定金額までを元受会社が保有し、一定金額を超過した部分を再保険会社に出再する方式をサープラス方式という。",第7章 2 (3)
119,"各生命保険会社は、自社の規模、<p class=""ans"">その国の生活水準などからみて1契約者について引き受ける最高保険金額を定めている。なお</p>、最高保険金額は、年齢、職業、既往歴などによって異なっているのが一般的である。",0,"各生命保険会社は、自社の規模、<p class=""ans"">その国の生活水準などからみて1被保険者について引き受ける最高保険金額を定めている。なお</p>、最高保険金額は、年齢、職業、既往歴などによって異なっているのが一般的である。",第7章 3 (1)
120,各生命保険会社が最高保険金額を定める場合、その国の生活水準からみてその金額まで相当多数の人が加入することが期待できるかどうか、また、自社の募集担当者の募集能力からみてその程度の金額まで相当多数の契約を獲得できるかどうかも考慮されなければならない。,1,各生命保険会社が最高保険金額を定める場合、その国の生活水準からみてその金額まで相当多数の人が加入することが期待できるかどうか、また、自社の募集担当者の募集能力からみてその程度の金額まで相当多数の契約を獲得できるかどうかも考慮されなければならない。,第7章 3 (1)
121,"元受会社が最高保険金額をすべて自社で保有せず、1被保険者について自社で負担する危険の限度額を定めており、<p class=""ans"">これを「超過限度額」という。</p>",0,"元受会社が最高保険金額をすべて自社で保有せず、1被保険者について自社で負担する危険の限度額を定めており、<p class=""ans"">これを「保有限度額」という。</p>",第7章 3 (2)
122,"各生命保険会社は会社の規模に合った保有限度額を定めてその超過額を再保険に付している。高度の危険を有し、取扱件数の少ない条件体契約および若年齢層、高年齢層の契約については、<p class=""ans"">一般の保有限度額より高く定めているのが普通である。</p>",0,"各生命保険会社は会社の規模に合った保有限度額を定めてその超過額を再保険に付している。高度の危険を有し、取扱件数の少ない条件体契約および若年齢層、高年齢層の契約については、<p class=""ans"">一般の保有限度額より低く定めているのが普通である。</p>",第7章 3 (2)
123,"保険料算定に用いる予定死亡率と実際死亡率との比較は、<p class=""ans"">経営効率への寄与率をみる目的と</p>、<p class=""ans"">過去の選択の成績の反省から将来の選択に対処するという目的に適している。</p>",0,"保険料算定に用いる予定死亡率と実際死亡率との比較は、<p class=""ans"">経営効率への寄与率をみる目的に適するが</p>、<p class=""ans"">過去の選択の成績の反省から将来の選択に対処するという目的からみれば適当ではない。</p>",第8章 1 (1)
124,被保険者集団が示した死亡率と国民の死亡率を比較する場合、国民死亡率の改善に働く因子は、被保険者集団にも影響を与えるので、この改善度を経験死亡率に織り込んで考える必要がある。国民の死亡率を基準とする方法がすぐれているのは、国民死亡率は毎年発表される簡易生命表という確かな資料によって示されるからである。,1,被保険者集団が示した死亡率と国民の死亡率を比較する場合、国民死亡率の改善に働く因子は、被保険者集団にも影響を与えるので、この改善度を経験死亡率に織り込んで考える必要がある。国民の死亡率を基準とする方法がすぐれているのは、国民死亡率は毎年発表される簡易生命表という確かな資料によって示されるからである。,第8章 1 (2)
125,"期待死亡率は､選択の目的からみて経験死亡率を小さくするほどよいというものではない。なぜなら、選択が厳しければ経験死亡率は低下するが、<p class=""ans"">そのために保険体の範囲が広くなるからである。すなわち</p>、契約できないものを契約するという過誤をさけようとするあまり、契約できるものを契約しないという過誤に陥ることになる。",0,"期待死亡率は､選択の目的からみて経験死亡率を小さくするほどよいというものではない。なぜなら、選択が厳しければ経験死亡率は低下するが、<p class=""ans"">そのために保険体の範囲が狭くなるからである。すなわち</p>、契約できないものを契約するという過誤をさけようとするあまり、契約できるものを契約しないという過誤に陥ることになる。",第8章 1 (3)
126,会社全体の選択基準を正しく把握するためには、実務上実際死亡状況について深く分析する必要があり、その主なものには、契約年度別死亡率、保険年度別死亡率、男女別死亡率等がある。,1,会社全体の選択基準を正しく把握するためには、実務上実際死亡状況について深く分析する必要があり、その主なものには、契約年度別死亡率、保険年度別死亡率、男女別死亡率等がある。,第8章 1 (3)
127,一定の金額別死亡率を出し、その結果、高額契約の死亡率が高い場合、その原因を追究し、医学的選択基準を見直しするとか、契約確認基準を見直しするなどの対応を図る。,1,一定の金額別死亡率を出し、その結果、高額契約の死亡率が高い場合、その原因を追究し、医学的選択基準を見直しするとか、契約確認基準を見直しするなどの対応を図る。,第8章 2 (3)
128,死因別死亡率から主に医学的選択基準、選択方法などが適切かどうか判断する資料とする。当然のことながら、死亡率の高い疾患については選択基準を厳しくし、低い疾患には緩和を検討する。,1,死因別死亡率から主に医学的選択基準、選択方法などが適切かどうか判断する資料とする。当然のことながら、死亡率の高い疾患については選択基準を厳しくし、低い疾患には緩和を検討する。,第8章 2 (8)
