id,freq,question,answer,explanation,reference
1,0,近代市民社会においては、すべての個人は、自己の意思にもとづいて自由に契約を締結することができるようになった。このことを「契約自由の原則」といい､わが国の民法もこの原則が基調となっている。,1,近代市民社会においては、すべての個人は、自己の意思にもとづいて自由に契約を締結することができるようになった。このことを「契約自由の原則」といい､わが国の民法もこの原則が基調となっている。,第1章 1 (1)
2,0,生命保険契約等は、民法において掲げられた贈与以下13種の契約には該当しない無名契約であるが、民法の一般規定(たとえば、公の秩序・善良の風俗に反するものは無効という規定など)が適用される。,1,生命保険契約等は、民法において掲げられた贈与以下13種の契約には該当しない無名契約であるが、民法の一般規定(たとえば、公の秩序・善良の風俗に反するものは無効という規定など)が適用される。,第1章 1 (2)
3,0,営利保険や相互保険は、保険契約に関する一般的な規律に関して保険法の適用を受けるが、株式会社が行う営利保険は、いわゆる営業的商行為であることから、商法の商行為一般に関する規定の適用も受ける。一方、相互会社が行う相互保険は、商法の商行為一般に関する規定は適用されない。,0,営利保険や相互保険は、保険契約に関する一般的な規律に関して保険法の適用を受けるが、株式会社が行う営利保険は、いわゆる営業的商行為であることから、商法の商行為一般に関する規定の適用も受ける。相互会社が行う相互保険も保険業法の定めにより、商法の商行為一般に関する規定の準用を受ける。,第1章 1 (3)
4,0,生命保険契約等に関する商事特別法(商法に優先して適用される法律)として適用される保険業法に規定された主なものとしては、クーリング・オフ、所属保険会社等の賠償責任がある。,1,生命保険契約等に関する商事特別法(商法に優先して適用される法律)として適用される保険業法に規定された主なものとしては、クーリング・オフ、所属保険会社等の賠償責任がある。,第1章 1 (4)
5,0,生命保険契約等は、多数の人々を相手に締結されるが、保険制度はその性質上専門的、技術的なものであることに加え、保険契約者間の公平性をはかることも要請され、個別に契約内容を取り決めることには限界がある。そのため、専門的知識を有する生命保険会社があらかじめ標準的な契約条項(保険約款)を作成することが適当である。,1,生命保険契約等は、多数の人々を相手に締結されるが、保険制度はその性質上専門的、技術的なものであることに加え、保険契約者間の公平性をはかることも要請され、個別に契約内容を取り決めることには限界がある。そのため、専門的知識を有する生命保険会社があらかじめ標準的な契約条項(保険約款)を作成することが適当である。,第1章 2 (2)
6,0,白地慣習法説は、保険約款の各条項は保険取引において慣行的に反復して使用されることにより、その各条項がいわば慣習法として拘束力をもつに至っているとの説である。,0,慣習法説は、保険約款の各条項は保険取引において慣行的に反復して使用されることにより、その各条項がいわば慣習法として拘束力をもつに至っているとの説である。,第1章 2 (3)
7,0,法規範説は、保険約款の内容は形式上は法律ではないが監督官庁の認可を受けていることによりその合理性が保証される結果、ある種の団体内部において一種の法規範的効力を有するとの説である。,1,法規範説は、保険約款の内容は形式上は法律ではないが監督官庁の認可を受けていることによりその合理性が保証される結果、ある種の団体内部において一種の法規範的効力を有するとの説である。,第1章 2 (3)
8,0,意思推定説は、保険契約者は通常は保険約款の内容を契約内容とする意思をもって契約を締結しているものと推定しうるとの説である。,1,意思推定説は、保険契約者は通常は保険約款の内容を契約内容とする意思をもって契約を締結しているものと推定しうるとの説である。,第1章 2 (3)
9,0,慣習法説は、付合契約化せざるを得ないような性質を有する保険契約については、特別の事情がない限り当事者は保険者が使用する保険約款の内容を契約内容として契約を締結するということが慣習法となっているという説である。,0,白地慣習法説は、付合契約化せざるを得ないような性質を有する保険契約については、特別の事情がない限り当事者は保険者が使用する保険約款の内容を契約内容として契約を締結するということが慣習法となっているという説である。,第1章 2 (3)
10,0,生命保険契約等の契約内容は、生命保険会社と保険契約者との間の合意により取り決められるものであり、生命保険契約等の締結に際して保険契約の申込人の理解や納得のない場合には、専門的な知識を持ち合わせていない保険契約者を保護する趣旨から、一般に、保険約款の拘束力が生じないとされる。,0,生命保険契約等の契約内容は、生命保険会社と保険契約者との間の合意により取り決められるものであり、生命保険契約等の締結に際して保険契約の申込人の理解や納得のない場合でも、一般に、保険約款の拘束力は生じるとされている。,第1章 2 (3)
11,0,保険業法上、保険業の開始に際しては、普通保険約款を金融庁長官宛の免許申請書に添付しなければならない。,0,保険業法上、保険業の開始に際しては、普通保険約款を内閣総理大臣宛の免許申請書に添付しなければならない。,第1章 2 (5)
12,0,生命保険会社が金融庁長官の認可を受けずに一方的に保険約款を改正した場合、その内容が強行規定や公益に反するものでなくても、認可を得ていないことから､保険契約者との間では無効であるとするのが判例、通説である。,0,生命保険会社が金融庁長官の認可を受けずに一方的に保険約款を改正した場合、許可を受けない保険約款もその内容が強行規定や公益に反するものでない限り、保険契約者との間では有効であるとするのが判例、通説である。,第1章 2 (5)
13,0,普通保険約款と特約の関係では、普通保険約款に規定のある事項については優先的に普通保険約款が適用され、普通保険約款に規定のない事項については、特約が適用される。,0,普通保険約款と特約の関係では、特約に規定のある事項については優先的に特約が適用され、特約に規定のない事項については、普通保険約款が適用される。,第1章 2 (6)
14,0,法律と保険約款の適用順位の関係としては、法律に強行規定がある場合を除き、まず保険約款(特約、普通保険約款)が適用され、保険約款に規定のない事項については、おおむね、民法、商法の順に適用される。,0,法律と保険約款の適用順位の関係としては、法律に強行規定がある場合を除き、まず保険約款(特約、普通保険約款)が適用され、保険約款に規定のない事項については、おおむね、保険法、民法の順に適用される。,第1章 3
15,0,「金融サービスの提供に関する法律」により、生命保険会社は顧客に対し生命保険契約等締結前に所定の「注意喚起情報」について説明をしなければならない。なお、説明を要する「注意喚起情報」とは、金利・通貨の価格・金融商品市場等の変動を直接の原因として元本欠損が生ずるおそれ(「市場リスク」といわれる)などである。,0,「金融サービスの提供に関する法律」により、生命保険会社は顧客に対し生命保険契約等締結前に所定の「重要事項」について説明をしなければならない。なお、説明を要する「重要事項」とは、金利・通貨の価格・金融商品市場等の変動を直接の原因として元本欠損が生ずるおそれ(「市場リスク」といわれる)などである。,第1章 4 (2)
16,0,生命保険契約等は、消費者契約法上の「消費者契約」に該当する。「事業者」とは生命保険会社のことで、「消費者」とは生命保険商品を購入(加入)する個人・法人のことである。,0,個人と生命保険会社との間で締結される生命保険契約等は、消費者契約法上の「消費者契約」に該当する。「事業者」とは生命保険会社のことで、「消費者」とは生命保険商品を購入(加入)する個人のことである。,第1章 4 (4)
17,0,消費者契約の取消しに関する事項および契約条項の効力に関して、消費者契約法に特段の定めがない事項については民法・商法の規定が適用され、消費者契約法と民法・商法の規定が競合する場合は、消費者契約法の規定が優先される。,1,消費者契約の取消しに関する事項および契約条項の効力に関して、消費者契約法に特段の定めがない事項については民法・商法の規定が適用され、消費者契約法と民法・商法の規定が競合する場合は、消費者契約法の規定が優先される。,第1章 4 (4)
18,0,保険業法などの個別法の私法規定がある場合には、消費者契約法の規定よりも優先的に適用される。,1,保険業法などの個別法の私法規定がある場合には、消費者契約法の規定よりも優先的に適用される。,第1章 4 (4)
19,0,消費者契約法では、契約の勧誘に際し事業者の一定の行為により消費者が誤認・困惑した場合は契約を取り消すことができるとしている。しかし、権利等の契約の目的となるものに関し、事業者が、将来における変動が不確実な事項につき断定的判断を提供した場合は、事業者の一定の行為には該当しない。,0,消費者契約法では、契約の勧誘に際し事業者の一定の行為により消費者が誤認・困惑した場合は契約を取り消すことができるとしている。たとえば、権利等の契約の目的となるものに関し、事業者が、将来における変動が不確実な事項につき断定的判断を提供した場合は、事業者の一定の行為に該当する。,第1章 4 (4)
20,0,2010年に施行された保険法では、商法に定義がなかった第三分野の保険契約のうち、「損害保険契約のうち、保険者が人の傷害疾病によって生ずることのある損害(当該傷害疾病が生じた者が受けるものに限る)をてん補することを約するもの」を傷害疾病損害保険契約とする規定をおいた。,1,2010年に施行された保険法では、商法に定義がなかった第三分野の保険契約のうち、「損害保険契約のうち、保険者が人の傷害疾病によって生ずることのある損害(当該傷害疾病が生じた者が受けるものに限る)をてん補することを約するもの」を傷害疾病損害保険契約とする規定をおいた。,第2章 1
21,0,諾成契約とは、契約当事者双方の意思表示の合致(合意)のみにより効力を生ずる契約(民法上の契約では、売買、賃貸借、雇用など)をいい、これに対し、契約当事者双方の合意のほかに目的物の引渡しその他の給付があってはじめて効力を生ずる契約を要物契約(民法上の契約では、消費貸借、使用貸借など)という。,1,諾成契約とは、契約当事者双方の意思表示の合致(合意)のみにより効力を生ずる契約(民法上の契約では、売買、賃貸借、雇用など)をいい、これに対し、契約当事者双方の合意のほかに目的物の引渡しその他の給付があってはじめて効力を生ずる契約を要物契約(民法上の契約では、消費貸借、使用貸借など)という。,第2章 2 (3)
22,0,保険約款で保険者の責任は第1回保険料相当額払込の時または告知の時のいずれか遅い時から開始する旨規定していることから、生命保険契約等は要物契約であるといえる。,0,保険約款で保険者の責任は第1回保険料相当額払込の時または告知の時のいずれか遅い時から開始する旨規定しており、生命保険契約等は諾成契約であるといえる。,第2章 2 (3)
23,0,生命保険契約等の締結にあたっては、生命保険契約等の申込人から申込書の提出を求め、生命保険会社から保険証券を発行していることから、生命保険契約等は要式契約であるといえる。,0,生命保険契約等の締結にあたっては、生命保険契約等の申込人から申込書の提出を求め、生命保険会社から保険証券を発行しているが、生命保険契約等は保険法上一定の方式を必要としない不要式契約である。,第2章 2 (4)
24,0,生命保険契約等においては、保険給付を行う義務の発生や保険料支払義務の履行が保険事故または給付事由の発生時期如何によって左右されることから、生命保険契約等は射倖契約であるといえる。,1,生命保険契約等においては、保険給付を行う義務の発生や保険料支払義務の履行が保険事故または給付事由の発生時期如何によって左右されることから、生命保険契約等は射倖契約であるといえる。,第2章 2 (5)
25,0,生命保険契約等における射倖契約性の結果として､保険法では保険契約者や被保険者が告知事項について、故意または重大な過失により事実の告知をせずまたは不実の告知をしたときは、保険者が契約を解除することができる旨の規定などを設けていることから、生命保険契約等は不要式契約であるということができる。,0,生命保険契約等における射倖契約性の結果として､保険法では保険契約者や被保険者が告知事項について、故意または重大な過失により事実の告知をせずまたは不実の告知をしたときは、保険者が契約を解除することができる旨の規定などを設けていることから、生命保険契約等は善意契約であるということができる。,第2章 2 (6)
26,0,生命保険契約等における被保険者とは、保険事故発生または給付事由の対象となる者をいい、損害保険契約における｢保険の目的」に該当する。損害保険契約においても被保険者の概念があるが、それは損害保険契約によりてん補することとされる損害を受ける者をいい、生命保険契約等における保険金受取人に該当する者をいう。,1,生命保険契約等における被保険者とは、保険事故発生または給付事由の対象となる者をいい、損害保険契約における｢保険の目的」に該当する。損害保険契約においても被保険者の概念があるが、それは損害保険契約によりてん補することとされる損害を受ける者をいい、生命保険契約等における保険金受取人に該当する者をいう。,第2章 3 (1)
27,0,保険契約者と被保険者が異なる場合を「保険契約者以外の者を被保険者とする生命保険契約等」という。,1,保険契約者と被保険者が異なる場合を「保険契約者以外の者を被保険者とする生命保険契約等」という。,第2章 3 (1)
28,0,生命保険契約等においては、個人でも法人でも保険契約者になることができるが、民法の規定により、未婚の未成年者、成年被後見人、成年被保佐人、および成年被補助人は保険契約者になることができない。,0,生命保険契約等においては、個人でも法人でも保険契約者になることができるが、民法の規定により、未婚の未成年者、成年被後見人、成年被保佐人、および成年被補助人を保険契約者とする契約は、所定の手続きを経ずに締結された契約については、後で取り消されることがある。,第2章 3 (1)
29,0,生命保険契約等においては、だれを被保険者とするかを定めることを要するのはもちろんであるが、一契約における被保険者は必ずしも1人であることを要しないし、また必ずしも固定的であることを要しない。一定の標準に適合するある範囲内の多数人を一団として被保険者とする生命保険契約等も可能であり、これを事業保険という。,0,生命保険契約等においては、だれを被保険者とするかを定めることを要するのはもちろんであるが、一契約における被保険者は必ずしも1人であることを要しないし、また必ずしも固定的であることを要しない。一定の標準に適合するある範囲内の多数人を一団として被保険者とする生命保険契約等も可能であり、これを団体保険という。,第2章 3 (1)
30,0,保険期間とは、保険事故または給付事由が発生した場合に保険給付を行う義務を負う期間のことをいい、死亡保険契約にあってはその始期は実際上問題とならず、生存保険契約にあっては保険期間の終期は不定である。,0,保険期間とは、保険事故または給付事由が発生した場合に保険給付を行う義務を負う期間のことをいい、生存保険契約にあってはその始期は実際上問題とならず、終身保険契約にあっては保険期間の終期は不定である。,第2章 3 (3)
31,0,保険事故または給付事由が発生した場合に、保険者が支払うべき「一定の金額」を保険金額(保険給付)というが、生命保険契約等においては、損害保険契約におけるのと異なり、消費者利益の存否やその価額としての保険価額等は問題とならない。,0,保険事故または給付事由が発生した場合に、保険者が支払うべき「一定の金額」を保険金額(保険給付)というが、生命保険契約等においては、損害保険契約におけるのと異なり、被保険者利益の存否やその価額としての保険価額等は問題とならない。,第2章 3 (4)
32,0,保険法には、保険料不可分の原則を前提とした規定が設けられていることから、保険料期間の中途において契約が消滅した場合、保険会社は未経過期間に対応した保険料を返還する必要はないと考えられる。,0,保険法には、保険料不可分の原則を採用しておらず、保険料期間の中途において契約が消滅した場合、保険会社は未経過期間に対応した保険料を返還する必要があると考えられる。,第2章 3 (5)
33,0,保険業法では、保険会社の指定した医師の診査を受けた場合や、申込者が保険契約に係る保険料またはこれに相当する金銭の払込を保険業者の預金または貯金の口座へ振込みにより行った場合(所定の場合を除く)は、クーリング・オフを取り扱わないこととしている。,1,保険業法では、保険会社の指定した医師の診査を受けた場合や、申込者が保険契約に係る保険料またはこれに相当する金銭の払込を保険業者の預金または貯金の口座へ振込みにより行った場合(所定の場合を除く)は、クーリング・オフを取り扱わないこととしている。,第2章 4 (2)
34,0,保険業法では、「営業・事業のためまたは営業・事業として契約申込をしたとき」は、クーリング・オフを取り扱わないこととしている。,1,保険業法では、「営業・事業のためまたは営業・事業として契約申込をしたとき」は、クーリング・オフを取り扱わないこととしている。,第2章 4 (2)
35,0,保険業法では、次の場合などでクーリング・オフを取り扱わないこととしている。・保険会社等の営業所等で申込をしたとき(所定の場合を除く)・申込者が、郵便、ファクシミリの利用等で申込をしたとき・保険会社の指定した医師の診査が終了したとき,1,保険業法では、次の場合などでクーリング・オフを取り扱わないこととしている。<br>・保険会社等の営業所等で申込をしたとき(所定の場合を除く)<br>・申込者が、郵便、ファクシミリの利用等で申込をしたとき<br>・保険会社の指定した医師の診査が終了したとき,第2章 4 (2)
36,0,商法上は、承諾の期間を定めないで申し込んだ場合には相当の期間中、申込を取消すことができない旨が規定されている。,0,民法上は、承諾の期間を定めないで申し込んだ場合には相当の期間中、申込を取消すことができない旨が規定されている。,第2章 4 (2)
37,0,クーリング・オフ制度は、保険契約の申込者が十分に契約内容を理解しないで申し込むこともあることを考慮して設けられた民事特別法の契約ルールである。,0,クーリング・オフ制度は、保険契約の申込者が十分に契約内容を理解しないで申し込むこともあることを考慮して設けられた商事特別法の契約ルールである。,第2章 4 (2)
38,0,保険業法では、「保険期間が5年以下であるとき」は、クーリング・オフを取り扱わないこととしている。,0,保険業法では、「保険期間が1年以下であるとき」は、クーリング・オフを取り扱わないこととしている。,第2章 4 (2)
39,0,クーリング・オフ制度では、生命保険会社は申込者にクーリング・オフに関する事項を記載した書面を交付し、申込者はその交付を受けた日と申込日のいずれか遅い日から起算して7日以内に申込を撤回する旨の書面を生命保険会社宛に発信すれば、保険契約の申込が行われなかったものとして、払い込んだ第1回保険料相当額が返還される。,0,クーリング・オフ制度では、生命保険会社は申込者にクーリング・オフに関する事項を記載した書面を交付し、申込者はその交付を受けた日と申込日のいずれか遅い日から起算して8日以内に申込を撤回する旨の書面を生命保険会社宛に発信すれば、保険契約の申込が行われなかったものとして、払い込んだ第1回保険料相当額が返還される。,第2章 4 (2)
40,0,生命保険募集人とは、保険業法において、「生命保険会社のために保険契約の締結の代理または媒介を行う者」をいい、保険契約の締結の媒介を行う場合には、その生命保険募集人は契約申込に対して承諾を与え契約を成立させる権限を有することになる。,0,生命保険募集人とは、保険業法において、「生命保険会社のために保険契約の締結の代理または媒介を行う者」をいい、保険契約の締結の代理を行う場合には、その生命保険募集人は契約申込に対して承諾を与え契約を成立させる権限を有することになる。,第2章 4 (3)
41,0,保険者は、保険契約者に対して告知義務の履行を請求し強制し得る権利を有していることから、保険契約者は、まったく告知をしないまま保険事故が起きた場合は､保険者に対し損害を賠償する義務を負う。,0,保険者は、保険契約者に対して告知義務の履行を請求し強制し得る権利を有するものではなく、保険契約者は、まったく告知をしないまま保険事故が起きた場合でも、保険者に対し損害を賠償する義務を負うものではない。,第2章 4 (4)
42,0,生命保険契約等に関して告知義務の制度が認められる理由については、今日では、保険制度の技術的構造の特殊性に照らして法が特に認めた制度である、とするのが定説である。,1,生命保険契約等に関して告知義務の制度が認められる理由については、今日では、保険制度の技術的構造の特殊性に照らして法が特に認めた制度である、とするのが定説である。,第2章 4 (4)
43,0,保険業法では、生命保険契約等の締結に際し、保険契約者または被保険者は、保険事故または給付事由の発生の可能性に関する重要な事項のうち保険者になる者が告知を求めた事項について、事実の告知をする義務を負い、これに違反したときは一定の要件の下に、保険者は生命保険契約等を解除することができると定めている。,0,保険法では、生命保険契約等の締結に際し、保険契約者または被保険者は、保険事故または給付事由の発生の可能性に関する重要な事項のうち保険者になる者が告知を求めた事項について、事実の告知をする義務を負い、これに違反したときは一定の要件の下に、保険者は生命保険契約等を解除することができると定めている。,第2章 4 (4)
44,0,保険法に規定する被保険者の同意は、被保険者が契約当事者であることから、生命保険契約等の効力発生のための要件ではなく成立要件であり、保険金受取人の変更等においても同様である。,0,保険法に規定する被保険者の同意は、被保険者が契約当事者でないので、生命保険契約等の成立要件ではなく効力発生のための要件であり、保険金受取人の変更等においても同様である。,第2章 4 (5)
45,0,保険法上、保険者は、生命保険契約等を締結したときは、遅滞なく、保険契約者に対して保険証券を交付しなければならず、保険証券の作成交付は生命保険契約の成立要件となっている。,0,保険法上、保険者は、生命保険契約等を締結したときは、保険契約者に対して保険証券を交付しなければならないが、保険証券の作成交付は生命保険契約の成立要件ではない。,第2章 4 (7)
46,0,保険契約者以外の第三者を被保険者とする契約を、「第三者のためにする生命保険契約等」という。,0,保険契約者以外の第三者を保険金受取人とする契約を、「第三者のためにする生命保険契約等」という。,第2章 5 (2)
47,0,保険法は保険契約者の意思を尊重するために、明文で遺言による保険金受取人の変更を認める旨を規定している。,1,保険法は保険契約者の意思を尊重するために、明文で遺言による保険金受取人の変更を認める旨を規定している。,第2章 5 (4)
48,0,保険法では、保険契約者以外の者を被保険者とする傷害疾病定額保険契約において、保険金受取人が傷害疾病定額保険契約に基づく保険給付の請求について詐欺を行い、または行おうとしたときは、被保険者は保険契約者に対し、傷害疾病定額保険契約の解除を請求することができるとされている。,1,保険法では、保険契約者以外の者を被保険者とする傷害疾病定額保険契約において、保険金受取人が傷害疾病定額保険契約に基づく保険給付の請求について詐欺を行い、または行おうとしたときは、被保険者は保険契約者に対し、傷害疾病定額保険契約の解除を請求することができるとされている。,第2章 7 (1)
49,0,保険法では、生命保険契約等の締結の時に、保険者が保険契約者または被保険者から告知されなかった事実を知っていたときはその生命保険契約等を解除できるが、保険者が過失によって知らなかったときは生命保険契約等を解除できないとされている。,0,保険法では、生命保険契約等の締結の時に、保険者が保険契約者または被保険者から告知されなかった事実を知っていたとき、または保険者が過失によって知らなかったときは生命保険契約等を解除できないとされている。,第2章 7 (1)
50,0,保険約款では、一般的には、保険料の払込を責任開始の要件の一つにしているが、これは「収支相等の原則」を堅持することおよび「保険料前払主義」を採用することによって、保険事故が生じた場合に確実に生命保険会社の責任を果たし、保険業の健全な運営をはかるためである。,1,保険約款では、一般的には、保険料の払込を責任開始の要件の一つにしているが、これは「収支相等の原則」を堅持することおよび「保険料前払主義」を採用することによって、保険事故が生じた場合に確実に生命保険会社の責任を果たし、保険業の健全な運営をはかるためである。,第3章 2 (1)
51,0,保険約款では、「責任開始の日を契約日とする」旨の規定を設けているが、契約日とは、契約の成立日(承諾日)を意味するものではなく、保険期間の起算日を明確にするために、責任開始の日を契約日と呼称しているにすぎない。,1,保険約款では、「責任開始の日を契約日とする」旨の規定を設けているが、契約日とは、契約の成立日(承諾日)を意味するものではなく、保険期間の起算日を明確にするために、責任開始の日を契約日と呼称しているにすぎない。,第3章 2 (1)
52,0,第1回保険料相当額の払込および告知の完了後、生命保険会社が生命保険契約の申込に対する承諾をする前に保険事故が発生した場合、保険契約は成立していないので、生命保険会社は申込を承諾せず責任を負わないとするのが通常である。,0,第1回保険料相当額の払込および告知の完了後、生命保険会社が生命保険契約の申込に対する承諾をする前に保険事故が発生した場合、保険契約は成立していないことを理由に、生命保険会社は申込を承諾せず責任を負わないとするのは妥当ではない。,第3章 2 (1)
53,0,人為的な保険事故の招致や保険金請求詐欺等によって、契約関係を支える信頼関係が破壊される場合に保険会社が保険契約を解除できるように、保険業法では「重大事由による保険契約の解除」の規定を設けている。,0,人為的な保険事故の招致や保険金請求詐欺等によって、契約関係を支える信頼関係が破壊される場合に保険会社が保険契約を解除できるように、保険法では「重大事由による保険契約の解除」の規定を設けている。,第3章 2 (10)
54,0,「保険金不法取得目的による保険契約の無効」については、一部の生命保険会社において保険約款に規定されているが、これは、不法に保険金等を取得する目的を持って契約を締結しようとする保険契約者を排除する姿勢をより鮮明にしたもので、保険法の規定に基づき規定化されているものである。,0,「保険金不法取得目的による保険契約の無効」については、一部の生命保険会社において保険約款に規定されているが、これは、不法に保険金等を取得する目的を持って契約を締結しようとする保険契約者を排除する姿勢をより鮮明にしたもので、保険法には規定がないものである。,第3章 2 (11)
55,0,保険約款では、「保険契約申込書に記載された被保険者の年齢に誤りがあった場合に、契約日および誤りの発見された日における年齢が会社の定める範囲外のときは、保険契約を無効とすることができるものとし、すでに払い込まれた保険料は保険契約者に返還しない」旨の規定をおいている。,0,保険約款では、「保険契約申込書に記載された被保険者の年齢に誤りがあった場合に、契約日および誤りの発見された日における年齢が会社の定める範囲外のときは、保険契約を取り消すことができるものとし、すでに払い込まれた保険料は保険契約者に返還する」旨の規定をおいている。,第3章 2 (11)
56,0,詐欺による取消しが成立するためには、保険契約者、被保険者または保険金受取人が生命保険会社を欺罔(ぎもう)しようとの意思を抱き、現実に欺罔(ぎもう)行為を行い、その結果、生命保険会社が錯誤に陥ってしまったことを必要とし、この場合、生命保険会社がこのことを立証しなければならない。,1,詐欺による取消しが成立するためには、保険契約者、被保険者または保険金受取人が生命保険会社を欺罔(ぎもう)しようとの意思を抱き、現実に欺罔(ぎもう)行為を行い、その結果、生命保険会社が錯誤に陥ってしまったことを必要とし、この場合、生命保険会社がこのことを立証しなければならない。,第3章 2 (11)
57,0,保険約款では、「保険契約者、被保険者または保険金受取人の詐欺により保険契約を締結しまたは復活したときは、その保険契約は無効とし、すでに払い込まれた保険料は返さない」旨の規定をおいている。,0,保険約款では、「保険契約者、被保険者または保険金受取人の詐欺により保険契約を締結しまたは復活したときは、その保険契約は取消しとし、すでに払い込まれた保険料は返さない」旨の規定をおいている。,第3章 2 (11)
58,0,保険約款では、保険法と同様に「保険契約者はいつでも保険契約を解約することができる」旨を規定しており、保険契約者は、生命保険会社の承諾を得ることなくいつでも解約することができる｡解約時に保険契約者が希望すれば､保険契約を過去に遡って消滅させることができる。,0,保険約款では、保険法と同様に「保険契約者はいつでも将来に向かって保険契約を解約することができる」旨を規定しており、保険契約者は、生命保険会社の承諾を得ることなくいつでも解約することができる｡解約時に保険契約者が希望すれば､保険契約を将来に向かって消滅させることができる。,第3章 2 (12)
59,0,保険法では、保険契約の差押債権者や破産管財人等が保険契約を解除しようとした場合、解除の効力を1ヵ月後に生じさせている。ただし、その場合でも、一定の要件のもと、所定の保険金受取人が保険契約を継続できること(介入権)を定めている。,1,保険法では、保険契約の差押債権者や破産管財人等が保険契約を解除しようとした場合、解除の効力を1ヵ月後に生じさせている。ただし、その場合でも、一定の要件のもと、所定の保険金受取人が保険契約を継続できること(介入権)を定めている。,第3章 2 (12)
60,0,解約の効力発生時期は、保険契約者の解約の意思表示が生命保険会社に到達し解約返戻金の支払いが完了した時であるため､それまでは、生命保険会社は保険契約上の保障責任を負っている。,0,解約の効力発生時期は、保険契約者の解約の意思表示が生命保険会社に到達した時であり、それまでは、生命保険会社は保険契約上の保障責任を負っている。,第3章 2 (12)
61,0,払済保険からの復旧については、死亡保険金額の増額を伴うので、保険約款では、保険金額の増額部分について、責任開始期、保険金支払の免責事由、告知義務、告知義務違反による解除、詐欺による取消しについて新契約の締結の際と同様の取扱をする旨規定している。,1,払済保険からの復旧については、死亡保険金額の増額を伴うので、保険約款では、保険金額の増額部分について、責任開始期、保険金支払の免責事由、告知義務、告知義務違反による解除、詐欺による取消しについて新契約の締結の際と同様の取扱をする旨規定している。,第3章 2 (13)
62,0,保険金等の二重払いを回避するため、保険約款では「保険金受取人の変更通知が生命保険会社に到着する前に変更前の保険金受取人に保険金を支払ったときは、その支払い後に変更後の保険金受取人から保険金の請求を受けても、生命保険会社は保険金を支払わない」旨の規定が設けられている。,1,保険金等の二重払いを回避するため、保険約款では「保険金受取人の変更通知が生命保険会社に到着する前に変更前の保険金受取人に保険金を支払ったときは、その支払い後に変更後の保険金受取人から保険金の請求を受けても、生命保険会社は保険金を支払わない」旨の規定が設けられている。,第3章 2 (14)
63,0,保険金受取人の変更について、保険約款では、「保険金受取人またはその承継人は被保険者の同意および生命保険会社の承諾を得て、保険契約上の一切の権利義務を第三者に承継させることができる」旨を規定している。,0,保険契約者の変更について、保険約款では、「保険契約者またはその承継人は被保険者の同意および生命保険会社の承諾を得て、保険契約上の一切の権利義務を第三者に承継させることができる」旨を規定している。,第3章 2 (14)
64,0,保険法では、保険金受取人が保険事故の発生前に死亡した場合には、契約者が保険金受取人になるとしている。,0,保険法では、保険金受取人が保険事故の発生前に死亡した場合には、当該保険金受取人の相続人全員が保険金受取人になるとしている。,第3章 2 (14)
65,0,生命保険契約等においては、払い込まれた保険料の総額が解約返戻金として支払われるわけではなく、場合によっては解約返戻金額がまったくない場合もある。,1,生命保険契約等においては、払い込まれた保険料の総額が解約返戻金として支払われるわけではなく、場合によっては解約返戻金額がまったくない場合もある。,第3章 2 (15)
66,0,解約返戻金は、告知義務違反による保険契約の解除の場合には保険契約者に支払われるが、重大事由による保険契約の解除の場合には支払われない。,0,解約返戻金は、告知義務違反による保険契約の解除の場合や、重大事由による保険契約の解除の場合には、保険契約者に支払われる。,第3章 2 (15)
67,0,保険業法では、「保険会社である株式会社は、契約者配当を行う場合は、公正かつ恒常的な分配をするための基準として内閣府令で定める基準にしたがい、行わなければならない」と定められている。,0,保険業法では、「保険会社である株式会社は、契約者配当を行う場合は、公正かつ衡平な分配をするための基準として内閣府令で定める基準にしたがい、行わなければならない」と定められている。,第3章 2 (17)
68,0,株式会社においては、構成員は株主であり、利益金は本来、株主に支払うべきものと考えられており、保険約款で利益配当金を保険契約者に支払う旨を規定していないのが一般的である。,0,株式会社においては、構成員は株主であり、利益金は本来、株主に支払うべきものと考えられるが、保険約款で利益配当金を保険契約者に支払う旨を規定するのが一般的となっている。,第3章 2 (17)
69,0,剰余金の配当について、通常、相互会社の場合は構成員である社員に対する配当金としての意味合いを明確にだすため、「社員配当金」と表現し、一方、株式会社の場合は、「利益分配金」と表現する。,0,剰余金の配当について、通常、相互会社の場合は構成員である社員に対する配当金としての意味合いを明確にだすため、「社員配当金」と表現し、一方、株式会社の場合は、「利益配当金」と表現する。,第3章 2 (17)
70,0,相互会社の社員配当金について、消滅時特別配当は、1996年の保険業法改正にともない設けられた配当金であり、「社員に対する剰余金の分配の額を安定させる」ことを目的とするものである。,0,相互会社の社員配当金について、社員配当平衡積立金は、1996年の保険業法改正にともない設けられた積立金であり、「社員に対する剰余金の分配の額を安定させる」ことを目的とするものである。,第3章 2 (17)
71,0,生命保険会社がモラルリスクの発生防止を図るために、金融庁に登録する契約内容登録制度は、満期保険金登録制度、入院給付金登録制度の2つの制度から構成されている。,0,生命保険会社がモラルリスクの発生防止を図るために、生命保険協会に登録する契約内容登録制度は、死亡保険金登録制度、入院給付金登録制度の2つの制度から構成されている。,第3章 2 (19)
72,0,保険契約者は貸付金の元利金をいつでも返済することができる旨を保険約款で規定するのが一般的で、保険契約の消滅時に生命保険会社が支払う保険金などの支払金からその元利金を差し引くことによって返済させる旨の規定はない。,0,保険契約者は貸付金の元利金をいつでも返済することができる旨を保険約款で規定するのが一般的で、保険契約の消滅時に生命保険会社が支払う保険金などの支払金からその元利金を差し引くことによって返済させる旨の規定がある。,第3章 2 (4)
73,0,猶予期間満了日までに保険料が払い込まれず、自動振替貸付を行った場合、保険約款では、猶予期間満了後一定期間内(通常3カ月以内)に、保険契約者が解約したときあるいは払済保険、延長保険への変更を請求したときは、自動振替貸付を行わなかったものとして解約あるいは払済保険、延長保険への変更を取り扱う旨規定している。,1,猶予期間満了日までに保険料が払い込まれず、自動振替貸付を行った場合、保険約款では、猶予期間満了後一定期間内(通常3カ月以内)に、保険契約者が解約したときあるいは払済保険、延長保険への変更を請求したときは、自動振替貸付を行わなかったものとして解約あるいは払済保険、延長保険への変更を取り扱う旨規定している。,第3章 2 (4)
74,0,保険料が猶予期間満了の日までに払い込まれなかった場合には、生命保険会社は未払込となった保険料に相当する金額を解約返戻金の範囲内で保険契約者に貸し付ける。ただし、保険契約者からあらかじめ貸付を受けない旨の申出があった場合には、この取扱を行わない。,1,保険料が猶予期間満了の日までに払い込まれなかった場合には、生命保険会社は未払込となった保険料に相当する金額を解約返戻金の範囲内で保険契約者に貸し付ける。ただし、保険契約者からあらかじめ貸付を受けない旨の申出があった場合には、この取扱を行わない。,第3章 2 (4)
75,0,保険契約の復活の法的性格については、種々の見解があるが、失効前の契約内容と同じ内容をもつ新契約の締結であるとする「新契約説」の考え方が妥当である。,0,保険契約の復活の法的性格については、種々の見解があるが、契約当事者の合意にもとづいて、失効状態の保険契約を有効状態にもどすための一種特別な契約と解する「特別契約説」の考え方が妥当である。,第3章 2 (6)
76,0,保険期間の満了日とは、契約日が10月19日であれば、応当する年の10月19日であり、保険期間の満了日に被保険者が死亡した場合に支払われる養老保険の保険金は、死亡保険金である。,0,保険期間の満了日とは、契約日が10月19日であれば、応当する年の10月18日であり、保険期間の満了日に被保険者が死亡した場合に支払われる養老保険の保険金は、死亡保険金である。,第3章 2 (8)
77,0,保険約款では、通常、「保険金などの支払を請求する権利は、2年間これを行使しなかったときは、時効により消滅します」と規定している。,0,保険約款では、通常、「保険金などの支払を請求する権利は、３年間これを行使しなかったときは、時効により消滅します」と規定している。,第3章 2 (8)
78,0,生命保険会社が告知義務違反により保険契約を解除する場合、解除通知は保険契約者に対して保険事故の発生日から1ヵ月以内に届くように発信しなければならない。,0,生命保険会社が告知義務違反により保険契約を解除する場合、解除通知は保険契約者に対して解除の原因を知った時から1ヵ月以内に届くように発信しなければならない。,第3章 2 (9)
79,0,契約の締結に際し、胃がんの既往歴のことを告知せずにいた被保険者が責任開始日から1年後に交通事故で死亡したことが既往歴と関係ないことを、保険契約者や保険金受取人が証明した場合には、生命保険会社は死亡保険金の支払を免れることはできない。,1,契約の締結に際し、胃がんの既往歴のことを告知せずにいた被保険者が責任開始日から1年後に交通事故で死亡したことが既往歴と関係ないことを、保険契約者や保険金受取人が証明した場合には、生命保険会社は死亡保険金の支払を免れることはできない。,第3章 2 (9)
80,0,保険法では、保険会社が、告知義務違反による解除の原因があることを知った時から3カ月間解除権を行使しなかったときまたは契約締結の時から5年を経過したときは、保険会社は解除権を行使できない。これらの期間を「除斥期間」といい、この期間の経過後は告知義務違反を理由として契約の効力を争うことができないため「不可争期間」ともいう。,0,保険法では、保険会社が、告知義務違反による解除の原因があることを知った時から1カ月間解除権を行使しなかったときまたは契約締結の時から5年を経過したときは、保険会社は解除権を行使できない。これらの期間を「除斥期間」といい、この期間の経過後は告知義務違反を理由として契約の効力を争うことができないため、「不可争期間」ともいう。,第3章 2 (9)
81,0,手術給付金の支払額は、手術1回につき、「(疾病入院給付日額)×(手術の種類に応じて定まる給付倍率=40倍、20倍または10倍)」で計算する。,1,手術給付金の支払額は、手術1回につき、「(疾病入院給付日額)×(手術の種類に応じて定まる給付倍率=40倍、20倍または10倍)」で計算する。,第3章 3 (13)
82,0,疾病入院給付金および手術給付金の支払に関して、責任開始の日前に発病した疾病の治療を目的とする入院または手術であっても、入院開始日または手術日が責任開始の日から起算して2年を経過していたときは、その入院または手術は責任開始の日後に発病した疾病の治療を目的とする入院または手術とみなして取り扱う。,1,疾病入院給付金および手術給付金の支払に関して、責任開始の日前に発病した疾病の治療を目的とする入院または手術であっても、入院開始日または手術日が責任開始の日から起算して2年を経過していたときは、その入院または手術は責任開始の日後に発病した疾病の治療を目的とする入院または手術とみなして取り扱う。,第3章 3 (13)
83,0,疾病入院特約の手術給付金は、被保険者が、特約の保険期間中に受けた手術が、①特約の責任開始期以後に発病した疾病または発生した不慮の事故その他の外因による傷害の治療を直接の目的とする手術、②病院または診療所において受けた手術、③所定のいずれかの手術、のいずれにも該当することが支払要件となっている。,1,疾病入院特約の手術給付金は、被保険者が、特約の保険期間中に受けた手術が、①特約の責任開始期以後に発病した疾病または発生した不慮の事故その他の外因による傷害の治療を直接の目的とする手術、②病院または診療所において受けた手術、③所定のいずれかの手術、のいずれにも該当することが支払要件となっている。,第3章 3 (13)
84,0,2種類以上の手術を同時に受けた場合は、受けた手術の種類に応じた各給付倍率で計算した支払額を合計して支払う。,0,2種類以上の手術を同時に受けた場合は、最も給付倍率の高い1種類の手術を受けたものとみなして支払額の計算をする。,第3章 3 (13)
85,0,災害入院給付金の免責事由は、主約款の保険料払込免除の免責事由と同じで､被保険者が法令に定める酒気帯び運転またはこれに相当する運転をしている間に生じた事故などである。,1,災害入院給付金の免責事由は、主約款の保険料払込免除の免責事由と同じで､被保険者が法令に定める酒気帯び運転またはこれに相当する運転をしている間に生じた事故などである。,第3章 3 (5)
86,0,主契約が払済保険または延長保険に変更されて特約が消滅した場合、主契約の解約返戻金によって払済保険金額や保険期間等を計算し、特約の解約返戻金は保険契約者に返還する。,0,主契約が払済保険または延長保険に変更されて特約が消滅した場合、特約の解約返戻金と主契約の解約返戻金を合算して払済保険金額や保険期間等を計算する。,第3章 3 (7)
87,0,わが国をはじめ多くの国でとっている「準則主義」では、保険業の開始には国家の免許を必要とする。,0,わが国をはじめ多くの国でとっている「実体的監督主義」では、保険業の開始には国家の免許を必要とする。,第4章 1 (3)
88,0,内閣総理大臣は、業務停止命令、免許取消しもしくは管理命令または保険契約者保護機構による資金援助または保険の引受けが行われる際、あらかじめ法務大臣に協議をしなければならないことがある。,0,内閣総理大臣は、業務停止命令、免許取消しもしくは管理命令または保険契約者保護機構による資金援助または保険の引受けが行われる際、あらかじめ財務大臣に協議をしなければならないことがある。,第4章 1 (4)
89,0,かつては、生命保険と損害保険の区別は商法による定義以外にはなかったが、1996年の改正により、保険業法に「生命保険業免許」や「損害保険業免許」および「少額短期保険業免許」が定義された。,0,かつては、生命保険と損害保険の区別は商法による定義以外にはなかったが、1996年の改正により、保険業法に「生命保険業免許」と「損害保険業免許」が定義された。※保険業法に「少額短期保険業免許」の定義はない。,第4章 2 (3)
90,0,生命保険業免許は「人の生死に関し、定額給付を行う保険」と「いわゆる第三分野の保険」の引受を行う事業に係る免許と定義されており、それぞれの保険に係る再保険の引受はできない。,0,生命保険業免許は「人の生死に関し、定額給付を行う保険」と「いわゆる第三分野の保険」、及び「その2つに係る再保険」の引受を行う事業に係る免許と定義されている。,第4章 2 (3)
91,0,損害保険業免許は「一定の偶然の事故による保険」と「いわゆる第三分野の保険」および「海外旅行期間中の人の死亡に関する保険」の引受を行う事業に係る免許とされている。,1,損害保険業免許は「一定の偶然の事故による保険」と「いわゆる第三分野の保険」および「海外旅行期間中の人の死亡に関する保険」の引受を行う事業に係る免許とされている。,第4章 2 (3)
92,0,生命保険業の負担する危険については予想していなかった大損害が生ずるおそれが大きいのに対し、損害保険業は負担する危険の発生が比較的正確に統計上把握できる。,0,損害保険業の負担する危険については予想していなかった大損害が生ずるおそれが大きいのに対し、生命保険業は負担する危険の発生が比較的正確に統計上把握できる。,第4章 2 (4)
93,0,保険会社の業務の範囲は、「固有業務｣、「付随業務」および「資産管理業務」に分けることができる。「資産管理業務」として、保険会社は、固有業務の遂行を妨げない限度において「金融商品取引法で認められている証券業務」や「保険金信託業務」などについてもできるとされている(原則として金融庁長官の認可を必要とする)。,0,保険会社の業務の範囲は、「固有業務｣、「付随業務」および「法定他業」に分けることができる。「法定他業」として、保険会社は、固有業務の遂行を妨げない限度において「金融商品取引法で認められている証券業務」や「保険金信託業務」などについてもできるとされている(原則として金融庁長官の認可を必要とする)。,第4章 2 (6)
94,0,保険持株会社とは、保険会社を子会社とする持株会社のことで、金融庁長官の認可を受けて設立され、または認可を受けているものをいう。なお、持株会社とは子会社株式の取得価額合計額の、持株会社の負債に対する割合が50％を超える会社である。,0,保険持株会社とは、保険会社を子会社とする持株会社のことで、金融庁長官の認可を受けて設立され、または認可を受けているものをいう。なお、持株会社とは子会社株式の取得価額合計額の、持株会社の総資産に対する割合が50％を超える会社である。,第4章 2 (8)
95,0,定款、事業方法書、普通保険約款、財務諸表は保険会社の事業運営の基礎を定めた書類という意味で、一般に「基礎書類」といわれている。,0,定款、事業方法書、普通保険約款、保険料及び責任準備金の算出方法書は保険会社の事業運営の基礎を定めた書類という意味で、一般に「基礎書類」といわれている。,第4章 3 (1)
96,0,定款とは、会社の組織および運営に関する基本的規則をいい、保険会社の行為能力は定款の範囲内に限られる。,1,定款とは、会社の組織および運営に関する基本的規則をいい、保険会社の行為能力は定款の範囲内に限られる。,第4章 3 (2)
97,0,法令に定められている定款の必要的記載事項の主なものとして、相互会社の場合は商号や本店の所在地、および設立に際して出資される財産の価額またはその最低額等があり、株式会社の場合は名称や主たる事務所の所在地、剰余金の分配の方法等がある。,0,法令に定められている定款の必要的記載事項の主なものとして、株式会社の場合は商号や本店の所在地、および設立に際して出資される財産の価額またはその最低額等があり、相互会社の場合は名称や主たる事務所の所在地、剰余金の分配の方法等がある。,第4章 3 (2)
98,0,事業方法書は保険会社の事業運営に関する基本的方針を規定したものをいい、保険業法施行規則に定められている主な必要的記載事項として、被保険者または保険の目的の範囲および保険の種類の区分、保険者としての義務の範囲を定める方法および履行の時期等があげられる。,0,事業方法書は保険会社の事業運営に関する基本的方針を規定したものをいい、保険業法施行規則に定められている主な必要的記載事項として、被保険者または保険の目的の範囲および保険の種類の区分、保険金額および保険期間に関する事項等があげられる。,第4章 3 (3)
99,0,普通保険約款とは保険契約の内容をなす標準的な条項をいい、保険業法施行規則に定められている主な必要的記載事項として、保険金の支払事由、保険契約の無効原因、保険者としての保険契約にもとづく義務を免れるべき事由等があげられる。,1,普通保険約款とは保険契約の内容をなす標準的な条項をいい、保険業法施行規則に定められている主な必要的記載事項として、保険金の支払事由、保険契約の無効原因、保険者としての保険契約にもとづく義務を免れるべき事由等があげられる。,第4章 3 (4)
100,0,保険料及び責任準備金の算出方法書は、保険料、責任準備金の算出の方法などを規定したものをいい、保険業法施行規則に定められている主な必要的記載事項として、保険料の計算の方法に関する事項、保険料の収受ならびに保険金および払い戻される保険料その他の返戻金の支払に関する事項等が挙げられる。,0,保険料及び責任準備金の算出方法書は、保険料、責任準備金の算出の方法などを規定したものをいい、保険業法施行規則に定められている主な必要的記載事項として、保険料の計算の方法に関する事項、未収保険料の計上に関する事項等が挙げられる。,第4章 3 (5)
101,0,株式会社から相互会社、相互会社から株式会社、いずれの組織変更も保険業法上可能とされている。,1,株式会社から相互会社、相互会社から株式会社、いずれの組織変更も保険業法上可能とされている。,第4章 3 (7)
102,0,定款以外の基礎書類について、保険契約者等の保護に欠けるおそれが少ないものとして内閣府令で定める事項を変更する場合、原則として金融庁長官への届出日の翌日から起算して90日経過した日に変更があったものとされる。,1,定款以外の基礎書類について、保険契約者等の保護に欠けるおそれが少ないものとして内閣府令で定める事項を変更する場合、原則として金融庁長官への届出日の翌日から起算して90日経過した日に変更があったものとされる。,第4章 3 (7)
103,0,会社法では、株式会社は議決権を行使する権利や配当を受ける権利等について、権利行使日から6カ月前までの一定の日(基準日)を定め、基準日において株主名簿に記載等されている株主をその権利を行使できる者と定めることができるとしているが、保険業法では、保険株式会社の基準日の規定の適用について4カ月と規定している。,0,会社法では、株式会社は議決権を行使する権利や配当を受ける権利等について、権利行使日から3カ月前までの一定の日(基準日)を定め、基準日において株主名簿に記載等されている株主をその権利を行使できる者と定めることができるとしているが、保険業法では、保険株式会社の基準日の規定の適用について4カ月と規定している。,第4章 4 (3)
104,0,保険業法では、「保険会社は、毎契約応当日において、保険契約にもとづく将来における債務の履行に備えるため、責任準備金を積み立てなければならない」と規定している。,0,保険業法では、「保険会社は、毎決算期において、保険契約にもとづく将来における債務の履行に備えるため、責任準備金を積み立てなければならない」と規定している。,第4章 5 (3)
105,0,生命保険会社の保険計理人は、「日本アクチュアリー会の正会員であり、かつ、生命保険会社および外国生命保険会社等の保険数理に関する業務に5年以上従事した者」か、「日本アクチュアリー会の正会員であり、かつ、保険数理に関する業務に7年以上従事した者」でなければならず、総代会もしくは株主総会によって選任される。,0,生命保険会社の保険計理人は、「日本アクチュアリー会の正会員であり、かつ、生命保険会社および外国生命保険会社等の保険数理に関する業務に5年以上従事した者」か、「日本アクチュアリー会の正会員であり、かつ、保険数理に関する業務に7年以上従事した者」でなければならず、取締役会によって選任される。,第4章 5 (5)
106,0,保険業法では、「保険会社は、評議員会において保険計理人を選任し、保険料の算出方法その他の事項に係る保険数理に関する事項として内閣府令で定めるものに関与させなければならない」と、定められている。,0,保険業法では、「保険会社は、取締役会において保険計理人を選任し、保険料の算出方法その他の事項に係る保険数理に関する事項として内閣府令で定めるものに関与させなければならない」と、定められている。,第4章 5 (5)
107,0,健全性の基準であるソルベンシー・マージン比率(＝ソルベンシー・マージン総額／リスクの合計額×0.5×100)が200％を下回った場合には、金融庁長官が改善計画提出命令等(早期是正措置)を行うこととなっている。,1,健全性の基準であるソルベンシー・マージン比率(＝ソルベンシー・マージン総額／リスクの合計額×0.5×100)が200％を下回った場合には、金融庁長官が改善計画提出命令等(早期是正措置)を行うこととなっている。,第4章 6 (1)
108,0,生命保険会社の合併について、相互会社同士の合併の場合は、保険業法の規定により、合併後の会社も相互会社であることを要することとされ、保険株式会社同士の合併の場合、会社法の規定によるとされている。,1,生命保険会社の合併について、相互会社同士の合併の場合は、保険業法の規定により、合併後の会社も相互会社であることを要することとされ、保険株式会社同士の合併の場合、会社法の規定によるとされている。,第4章 6 (2)
109,0,相互会社は、保険業法の規定にもとづき、他の相互会社と合併することができるが、保険株式会社と合併することはできない。,0,相互会社は、保険業法の規定にもとづき、他の相互会社または保険株式会社と合併することができる。,第4章 6 (2)
110,0,外国保険業者とは、外国の法令に準拠して外国において保険業を行う者をいい、日本国内の法人と同様に株式会社または相互会社でなければならない。,0,外国保険業者とは、外国の法令に準拠して外国において保険業を行う者をいい、株式会社や相互会社でなくてもよく、個人でもよい。,第4章 7 (1)
111,0,外国保険会社等は、日本における保険契約者等の保護のため必要かつ適当なものとして2億円を、日本における主たる店舗の最寄りの供託所に供託しなければならない。,1,外国保険会社等は、日本における保険契約者等の保護のため必要かつ適当なものとして2億円を、日本における主たる店舗の最寄りの供託所に供託しなければならない。,第4章 7 (3)
112,0,保険業法では、「外国保険会社等は、日本における保険業を廃止しようとする場合には、金融庁長官の認可を受けなければならない」旨、規定している。なお、本国において解散、保険業の廃止をしたときも金融庁長官の認可が必要である。,0,保険業法では、「外国保険会社等は、日本における保険業を廃止しようとする場合には、金融庁長官の認可を受けなければならない」旨、規定している。なお、本国において解散、保険業の廃止をしたときは、金融庁長官に届け出るだけでよい。,第4章 7 (5)
113,0,保険業法では、保険仲立人とは、「保険契約の締結の代理であって生命保険募集人がその所属保険会社のために行う保険契約の締結の代理以外のものを行う者(法人でない社団または財団で代表者または管理人の定めのあるものを含む)」をいう。,0,保険業法では、保険仲立人とは、「保険契約の締結の媒介であって生命保険募集人がその所属保険会社のために行う保険契約の締結の媒介以外のものを行う者(法人でない社団または財団で代表者または管理人の定めのあるものを含む)」をいう。,第4章 8 (1)
114,0,保険仲立人は、顧客から求められた場合でも、保険契約の締結に関する受取手数料、報酬等を明らかにする必要はない。,0,保険仲立人は、顧客から求められた場合、保険契約の締結に関する受取手数料、報酬等を明らかにする必要がある。,第4章 8 (10)
115,0,保険業法では、「保険仲立人は、保証金を主たる事務所の最寄りの供託所に供託しなければならない」としているが、「保険仲立人賠償責任保険契約」を締結し、金融庁長官の承認を受けたときは、当該契約の効力の存する間、当該契約の保険金の額に応じて供託をしないことができる、としている。,1,保険業法では、「保険仲立人は、保証金を主たる事務所の最寄りの供託所に供託しなければならない」としているが、「保険仲立人賠償責任保険契約」を締結し、金融庁長官の承認を受けたときは、当該契約の効力の存する間、当該契約の保険金の額に応じて供託をしないことができる、としている。,第4章 8 (10)
116,0,保険仲立人は、その主たる目的として自己契約の保険募集をしてはならず、自己契約の保険料が、保険募集を行った保険料の合計額の50%を超えると、「自己契約の保険募集を行うことを主たる目的としたもの」とみなされる。,1,保険仲立人は、その主たる目的として自己契約の保険募集をしてはならず、自己契約の保険料が、保険募集を行った保険料の合計額の50%を超えると、「自己契約の保険募集を行うことを主たる目的としたもの」とみなされる。,第4章 8 (10)
117,0,保険業法では、「破産手続開始の決定を受けて復権を得ない者｣や｢禁錮以上の刑の受刑終了後5年を経過していない者｣、「保険業法違反による罰金刑の受刑終了後5年を経過していない者」等の生命保険募集人の登録を拒否している。,0,保険業法では、「破産手続開始の決定を受けて復権を得ない者｣や｢禁錮以上の刑の受刑終了後3年を経過していない者｣、「保険業法違反による罰金刑の受刑終了後3年を経過していない者」等の生命保険募集人の登録を拒否している。,第4章 8 (2)
118,0,生命保険募集人は1人で何社もの生命保険募集人となることができるわけではなく、いわゆる乗合の禁止という制限が設けられ、損害保険と同様の厳しい制限になっている。,0,生命保険募集人は1人で何社もの生命保険募集人となることができるわけではなく、いわゆる乗合の禁止という制限が設けられ、損害保険にはみられない厳しい制限になっている。,第4章 8 (3)
119,0,乗合の禁止は、生命保険募集人に関する制限であって、生命保険会社が他の生命保険会社の生命保険募集人に対し、保険募集の委託もしくは再委託することについての制限はない。,0,乗合の禁止は、生命保険募集人に関する制限であって、生命保険会社に対しても、生命保険会社が他の生命保険会社の生命保険募集人に対し、保険募集の委託もしくは再委託をしてはならない旨を、募集委託の制限として規定している。,第4章 8 (3)
120,0,保険業法では、生命保険募集人が「他の生命保険会社の役員、使用人を兼ねること」や「他の生命保険会社の委託を受けて募集を行うこと」を、原則として禁止しているが、「他の生命保険会社の委託を受けて募集を行う者の役員、使用人になって募集を行うこと」は、禁止していない。,0,保険業法では、生命保険募集人が「他の生命保険会社の役員、使用人を兼ねること」や「他の生命保険会社の委託を受けて募集を行うこと」、「他の生命保険会社の委託を受けて募集を行う者の役員、使用人になって募集を行うこと」を、原則として禁止している。,第4章 8 (3)
121,0,乗合禁止の原則にかかわらず、政令で定める一定の条件を満たした場合は、乗合禁止に関する例外措置が認められている。,1,乗合禁止の原則にかかわらず、政令で定める一定の条件を満たした場合は、乗合禁止に関する例外措置が認められている。,第4章 8 (3)
122,0,生命保険募集人は、契約締結前の段階においては、顧客の最終的な意向と契約の申込みを行おうとする保険契約の内容が合致しているかどうかについて、「設計書」を用いて顧客に確認する必要がある。,0,生命保険募集人は、契約締結前の段階において、顧客の最終的な意向と契約の申込みを行おうとする保険契約の内容が合致しているかどうかについて、「意向確認書面」を用いて顧客に確認する必要がある。,第4章 8 (5)
123,0,保険契約者、被保険者または不特定の者に対して、契約内容について他の保険契約の契約内容と比較した事項であって誤解させるおそれのあるものを告げ、または表示する行為は、保険業法に定める保険契約の締結または保険募集に関する禁止行為に該当する。,1,保険契約者、被保険者または不特定の者に対して、契約内容について他の保険契約の契約内容と比較した事項であって誤解させるおそれのあるものを告げ、または表示する行為は、保険業法に定める保険契約の締結または保険募集に関する禁止行為に該当する。,第4章 8 (7)
124,0,「金融分野における裁判外紛争解決制度(金融ADR制度)」について、生命保険協会では、保険業法に基づく生命保険業務等に関する指定紛争解決機関として行政から指定を取得し、同協会内に設置されている生命保険相談所および裁定審査会によって、行政の認可を受けた業務規程に基づく苦情処理手続・紛争解決手続を実施している。,1,「金融分野における裁判外紛争解決制度(金融ADR制度)」について、生命保険協会では、保険業法に基づく生命保険業務等に関する指定紛争解決機関として行政から指定を取得し、同協会内に設置されている生命保険相談所および裁定審査会によって、行政の認可を受けた業務規程に基づく苦情処理手続・紛争解決手続を実施している。,第4章 9
